I,MNQ31EFNBVW183714,Bentayga,Bentley,2013,,
A,MNQ31EFNBVW183714,,,,,
A,MNQ31EFNBVW183714,,,,,
A,MNQ31EFNBVW183714,,,,,
A,MNQ31EFNBVW183714,,,,,
R,MNQ31EFNBVW183714,,,,,
I,COXB90537MQ431503,S60,Volvo,2019,,
R,COXB90537MQ431503,,,,,
A,COXB90537MQ431503,,,,,
R,COXB90537MQ431503,,,,,
A,COXB90537MQ431503,,,,,
R,COXB90537MQ431503,,,,,
R,COXB90537MQ431503,,,,,
R,COXB90537MQ431503,,,,,
I,AAS17XWBAMH842808,A7,Audi,2019,,
A,AAS17XWBAMH842808,,,,,
R,AAS17XWBAMH842808,,,,,
I,KSOB860DHAS562169,Bentayga,Bentley,2013,,
A,KSOB860DHAS562169,,,,,
A,KSOB860DHAS562169,,,,,
R,KSOB860DHAS562169,,,,,
R,KSOB860DHAS562169,,,,,
A,KSOB860DHAS562169,,,,,
A,KSOB860DHAS562169,,,,,
I,JSNI03803ZT112791,QX30,INFINITI,2014,,
A,JSNI03803ZT112791,,,,,
A,JSNI03803ZT112791,,,,,
I,SCOI68201JL244717,Yaris,Toyota,2018,,
R,SCOI68201JL244717,,,,,
A,SCOI68201JL244717,,,,,
A,SCOI68201JL244717,,,,,
R,SCOI68201JL244717,,,,,
A,SCOI68201JL244717,,,,,
A,SCOI68201JL244717,,,,,
R,SCOI68201JL244717,,,,,
I,XTAY503DWTR322499,A4,Audi,2017,,
A,XTAY503DWTR322499,,,,,
A,XTAY503DWTR322499,,,,,
R,XTAY503DWTR322499,,,,,
A,XTAY503DWTR322499,,,,,
R,XTAY503DWTR322499,,,,,
R,XTAY503DWTR322499,,,,,
A,XTAY503DWTR322499,,,,,
I,GNW55FGMAXM110768,A7,Audi,2019,,
R,GNW55FGMAXM110768,,,,,
R,GNW55FGMAXM110768,,,,,
A,GNW55FGMAXM110768,,,,,
R,GNW55FGMAXM110768,,,,,
A,GNW55FGMAXM110768,,,,,
I,ACYS073OEBI763746,Yaris,Toyota,2018,,
A,ACYS073OEBI763746,,,,,
A,ACYS073OEBI763746,,,,,
A,ACYS073OEBI763746,,,,,
I,VYOI80432SD576214,S60,Volvo,2019,,
R,VYOI80432SD576214,,,,,
R,VYOI80432SD576214,,,,,
R,VYOI80432SD576214,,,,,
I,RTEJ65593LT883563,S5,Audi,2012,,
A,RTEJ65593LT883563,,,,,
A,RTEJ65593LT883563,,,,,
R,RTEJ65593LT883563,,,,,
R,RTEJ65593LT883563,,,,,
R,RTEJ65593LT883563,,,,,
I,VIXB153EEJM064254,Z4,BMW,2019,,
A,VIXB153EEJM064254,,,,,
A,VIXB153EEJM064254,,,,,
I,AMME894JYQN340146,A7,Audi,2019,,
A,AMME894JYQN340146,,,,,
R,AMME894JYQN340146,,,,,
A,AMME894JYQN340146,,,,,
A,AMME894JYQN340146,,,,,
A,AMME894JYQN340146,,,,,
R,AMME894JYQN340146,,,,,
R,AMME894JYQN340146,,,,,
R,AMME894JYQN340146,,,,,
I,KZH86RRHFXZ996236,XT4,Cadillac,2016,,
A,KZH86RRHFXZ996236,,,,,
R,KZH86RRHFXZ996236,,,,,
R,KZH86RRHFXZ996236,,,,,
A,KZH86RRHFXZ996236,,,,,
R,KZH86RRHFXZ996236,,,,,
R,KZH86RRHFXZ996236,,,,,
A,KZH86RRHFXZ996236,,,,,
R,KZH86RRHFXZ996236,,,,,
A,KZH86RRHFXZ996236,,,,,
I,FWH78PDLNZR038688,Optima,Kia,2019,,
A,FWH78PDLNZR038688,,,,,
A,FWH78PDLNZR038688,,,,,
A,FWH78PDLNZR038688,,,,,
R,FWH78PDLNZR038688,,,,,
A,FWH78PDLNZR038688,,,,,
R,FWH78PDLNZR038688,,,,,
I,HSNL963HNIJ402566,Q8,Audi,2019,,
A,HSNL963HNIJ402566,,,,,
A,HSNL963HNIJ402566,,,,,
A,HSNL963HNIJ402566,,,,,
R,HSNL963HNIJ402566,,,,,
A,HSNL963HNIJ402566,,,,,
I,HXN45XQUECS051174,Q8,Audi,2019,,
A,HXN45XQUECS051174,,,,,
A,HXN45XQUECS051174,,,,,
R,HXN45XQUECS051174,,,,,
R,HXN45XQUECS051174,,,,,
A,HXN45XQUECS051174,,,,,
R,HXN45XQUECS051174,,,,,
A,HXN45XQUECS051174,,,,,
R,HXN45XQUECS051174,,,,,
R,HXN45XQUECS051174,,,,,
I,CVZN798NWPK024176,QX30,INFINITI,2014,,
A,CVZN798NWPK024176,,,,,
A,CVZN798NWPK024176,,,,,
I,MEDA835BNSX488075,Optima,Kia,2019,,
R,MEDA835BNSX488075,,,,,
R,MEDA835BNSX488075,,,,,
R,MEDA835BNSX488075,,,,,
R,MEDA835BNSX488075,,,,,
A,MEDA835BNSX488075,,,,,
I,NYLY83230NS263245,A7,Audi,2019,,
A,NYLY83230NS263245,,,,,
A,NYLY83230NS263245,,,,,
A,NYLY83230NS263245,,,,,
R,NYLY83230NS263245,,,,,
A,NYLY83230NS263245,,,,,
A,NYLY83230NS263245,,,,,
R,NYLY83230NS263245,,,,,
A,NYLY83230NS263245,,,,,
I,VHKL71446RF129619,Prius,Toyota,2019,,
A,VHKL71446RF129619,,,,,
A,VHKL71446RF129619,,,,,
A,VHKL71446RF129619,,,,,
R,VHKL71446RF129619,,,,,
R,VHKL71446RF129619,,,,,
A,VHKL71446RF129619,,,,,
R,VHKL71446RF129619,,,,,
A,VHKL71446RF129619,,,,,
I,FQTR72211DA613464,XT4,Cadillac,2016,,
R,FQTR72211DA613464,,,,,
R,FQTR72211DA613464,,,,,
A,FQTR72211DA613464,,,,,
R,FQTR72211DA613464,,,,,
R,FQTR72211DA613464,,,,,
A,FQTR72211DA613464,,,,,
A,FQTR72211DA613464,,,,,
I,TQT13EPIPCM442825,Beetle,Volkswagen,2014,,
R,TQT13EPIPCM442825,,,,,
R,TQT13EPIPCM442825,,,,,
R,TQT13EPIPCM442825,,,,,
R,TQT13EPIPCM442825,,,,,
R,TQT13EPIPCM442825,,,,,
A,TQT13EPIPCM442825,,,,,
A,TQT13EPIPCM442825,,,,,
A,TQT13EPIPCM442825,,,,,
R,TQT13EPIPCM442825,,,,,
I,GVXS083RWNR711114,A4,Audi,2017,,
R,GVXS083RWNR711114,,,,,
A,GVXS083RWNR711114,,,,,
R,GVXS083RWNR711114,,,,,
A,GVXS083RWNR711114,,,,,
R,GVXS083RWNR711114,,,,,
R,GVXS083RWNR711114,,,,,
A,GVXS083RWNR711114,,,,,
A,GVXS083RWNR711114,,,,,
A,GVXS083RWNR711114,,,,,
I,QMYD703RTNE824017,Beetle,Volkswagen,2014,,
A,QMYD703RTNE824017,,,,,
R,QMYD703RTNE824017,,,,,
R,QMYD703RTNE824017,,,,,
R,QMYD703RTNE824017,,,,,
R,QMYD703RTNE824017,,,,,
A,QMYD703RTNE824017,,,,,
A,QMYD703RTNE824017,,,,,
I,MHFU685MPGI892842,Bentayga,Bentley,2013,,
A,MHFU685MPGI892842,,,,,
A,MHFU685MPGI892842,,,,,
A,MHFU685MPGI892842,,,,,
A,MHFU685MPGI892842,,,,,
A,MHFU685MPGI892842,,,,,
R,MHFU685MPGI892842,,,,,
A,MHFU685MPGI892842,,,,,
R,MHFU685MPGI892842,,,,,
A,MHFU685MPGI892842,,,,,
I,HGU66XPACOQ369763,QX30,INFINITI,2014,,
A,HGU66XPACOQ369763,,,,,
A,HGU66XPACOQ369763,,,,,
A,HGU66XPACOQ369763,,,,,
R,HGU66XPACOQ369763,,,,,
A,HGU66XPACOQ369763,,,,,
I,SYCV934RDJL881256,Prius,Toyota,2019,,
A,SYCV934RDJL881256,,,,,
R,SYCV934RDJL881256,,,,,
A,SYCV934RDJL881256,,,,,
A,SYCV934RDJL881256,,,,,
A,SYCV934RDJL881256,,,,,
R,SYCV934RDJL881256,,,,,
R,SYCV934RDJL881256,,,,,
R,SYCV934RDJL881256,,,,,
A,SYCV934RDJL881256,,,,,
I,XRVA180XQDH700803,S5,Audi,2012,,
A,XRVA180XQDH700803,,,,,
I,XTCV345RGOT051382,QX30,INFINITI,2014,,
A,XTCV345RGOT051382,,,,,
A,XTCV345RGOT051382,,,,,
I,FSF33BJENOS282130,QX30,INFINITI,2014,,
R,FSF33BJENOS282130,,,,,
R,FSF33BJENOS282130,,,,,
R,FSF33BJENOS282130,,,,,
R,FSF33BJENOS282130,,,,,
A,FSF33BJENOS282130,,,,,
I,YTAY04442ZX724272,Yukon XL,GMC,2016,,
A,YTAY04442ZX724272,,,,,
A,YTAY04442ZX724272,,,,,
R,YTAY04442ZX724272,,,,,
A,YTAY04442ZX724272,,,,,
R,YTAY04442ZX724272,,,,,
I,KYME30456GS443421,XT4,Cadillac,2016,,
R,KYME30456GS443421,,,,,
A,KYME30456GS443421,,,,,
I,PSTL50103XK804679,A7,Audi,2019,,
R,PSTL50103XK804679,,,,,
A,PSTL50103XK804679,,,,,
A,PSTL50103XK804679,,,,,
R,PSTL50103XK804679,,,,,
A,PSTL50103XK804679,,,,,
R,PSTL50103XK804679,,,,,
A,PSTL50103XK804679,,,,,
A,PSTL50103XK804679,,,,,
A,PSTL50103XK804679,,,,,
I,OLCL846LWNM946058,XJ,Jaguar,2014,,
A,OLCL846LWNM946058,,,,,
R,OLCL846LWNM946058,,,,,
A,OLCL846LWNM946058,,,,,
R,OLCL846LWNM946058,,,,,
A,OLCL846LWNM946058,,,,,
R,OLCL846LWNM946058,,,,,
A,OLCL846LWNM946058,,,,,
I,DRHN207MFOH582544,Bentayga,Bentley,2013,,
R,DRHN207MFOH582544,,,,,
R,DRHN207MFOH582544,,,,,
R,DRHN207MFOH582544,,,,,
A,DRHN207MFOH582544,,,,,
A,DRHN207MFOH582544,,,,,
R,DRHN207MFOH582544,,,,,
A,DRHN207MFOH582544,,,,,
I,MMH62FBUBCS680113,Prius,Toyota,2019,,
R,MMH62FBUBCS680113,,,,,
A,MMH62FBUBCS680113,,,,,
I,HJA19RWGMGX049863,Yukon XL,GMC,2016,,
R,HJA19RWGMGX049863,,,,,
A,HJA19RWGMGX049863,,,,,
R,HJA19RWGMGX049863,,,,,
A,HJA19RWGMGX049863,,,,,
R,HJA19RWGMGX049863,,,,,
A,HJA19RWGMGX049863,,,,,
I,ITQW997BCKE089796,Q8,Audi,2019,,
R,ITQW997BCKE089796,,,,,
I,ZDN83YHUIUF143471,Yaris,Toyota,2018,,
R,ZDN83YHUIUF143471,,,,,
R,ZDN83YHUIUF143471,,,,,
A,ZDN83YHUIUF143471,,,,,
A,ZDN83YHUIUF143471,,,,,
I,RVH12DIKHJB769465,Beetle,Volkswagen,2014,,
R,RVH12DIKHJB769465,,,,,
R,RVH12DIKHJB769465,,,,,
A,RVH12DIKHJB769465,,,,,
A,RVH12DIKHJB769465,,,,,
A,RVH12DIKHJB769465,,,,,
A,RVH12DIKHJB769465,,,,,
A,RVH12DIKHJB769465,,,,,
I,EDNE107LZEZ152447,Z4,BMW,2019,,
A,EDNE107LZEZ152447,,,,,
A,EDNE107LZEZ152447,,,,,
A,EDNE107LZEZ152447,,,,,
A,EDNE107LZEZ152447,,,,,
A,EDNE107LZEZ152447,,,,,
I,BJYV43797DD743280,Optima,Kia,2019,,
A,BJYV43797DD743280,,,,,
A,BJYV43797DD743280,,,,,
I,OXLL779VNWE198421,QX30,INFINITI,2014,,
A,OXLL779VNWE198421,,,,,
I,UDEH16847II399463,S60,Volvo,2019,,
A,UDEH16847II399463,,,,,
R,UDEH16847II399463,,,,,
A,UDEH16847II399463,,,,,
A,UDEH16847II399463,,,,,
A,UDEH16847II399463,,,,,
R,UDEH16847II399463,,,,,
A,UDEH16847II399463,,,,,
A,UDEH16847II399463,,,,,
I,AAIM87090GA129736,S5,Audi,2012,,
R,AAIM87090GA129736,,,,,
A,AAIM87090GA129736,,,,,
R,AAIM87090GA129736,,,,,
A,AAIM87090GA129736,,,,,
R,AAIM87090GA129736,,,,,
I,ZMQC665NHKL279001,Yukon XL,GMC,2016,,
A,ZMQC665NHKL279001,,,,,
A,ZMQC665NHKL279001,,,,,
I,ELJB982PUZC146563,Z4,BMW,2019,,
A,ELJB982PUZC146563,,,,,
R,ELJB982PUZC146563,,,,,
R,ELJB982PUZC146563,,,,,
R,ELJB982PUZC146563,,,,,
A,ELJB982PUZC146563,,,,,
A,ELJB982PUZC146563,,,,,
I,QCUQ140ZQEK156400,Beetle,Volkswagen,2014,,
R,QCUQ140ZQEK156400,,,,,
I,HOTI714RQCM961657,QX30,INFINITI,2014,,
A,HOTI714RQCM961657,,,,,
A,HOTI714RQCM961657,,,,,
A,HOTI714RQCM961657,,,,,
R,HOTI714RQCM961657,,,,,
R,HOTI714RQCM961657,,,,,
I,WCJH073QDLD006158,S5,Audi,2012,,
R,WCJH073QDLD006158,,,,,
A,WCJH073QDLD006158,,,,,
R,WCJH073QDLD006158,,,,,
R,WCJH073QDLD006158,,,,,
A,WCJH073QDLD006158,,,,,
R,WCJH073QDLD006158,,,,,
A,WCJH073QDLD006158,,,,,
R,WCJH073QDLD006158,,,,,
R,WCJH073QDLD006158,,,,,
I,JQMR509MPAV083781,Z4,BMW,2019,,
R,JQMR509MPAV083781,,,,,
A,JQMR509MPAV083781,,,,,
A,JQMR509MPAV083781,,,,,
R,JQMR509MPAV083781,,,,,
A,JQMR509MPAV083781,,,,,
A,JQMR509MPAV083781,,,,,
R,JQMR509MPAV083781,,,,,
A,JQMR509MPAV083781,,,,,
I,HMN78ALNKAG931542,A4,Audi,2017,,
A,HMN78ALNKAG931542,,,,,
A,HMN78ALNKAG931542,,,,,
A,HMN78ALNKAG931542,,,,,
A,HMN78ALNKAG931542,,,,,
R,HMN78ALNKAG931542,,,,,
A,HMN78ALNKAG931542,,,,,
R,HMN78ALNKAG931542,,,,,
I,TTTW567DGSP145220,Yaris,Toyota,2018,,
R,TTTW567DGSP145220,,,,,
R,TTTW567DGSP145220,,,,,
A,TTTW567DGSP145220,,,,,
A,TTTW567DGSP145220,,,,,
R,TTTW567DGSP145220,,,,,
R,TTTW567DGSP145220,,,,,
A,TTTW567DGSP145220,,,,,
A,TTTW567DGSP145220,,,,,
I,BOUO003ZFBM712942,Q8,Audi,2019,,
A,BOUO003ZFBM712942,,,,,
R,BOUO003ZFBM712942,,,,,
R,BOUO003ZFBM712942,,,,,
I,MTKC757BBOQ461784,Optima,Kia,2019,,
R,MTKC757BBOQ461784,,,,,
R,MTKC757BBOQ461784,,,,,
R,MTKC757BBOQ461784,,,,,
A,MTKC757BBOQ461784,,,,,
R,MTKC757BBOQ461784,,,,,
R,MTKC757BBOQ461784,,,,,
R,MTKC757BBOQ461784,,,,,
I,TGQU83081UY178025,Optima,Kia,2019,,
A,TGQU83081UY178025,,,,,
R,TGQU83081UY178025,,,,,
R,TGQU83081UY178025,,,,,
R,TGQU83081UY178025,,,,,
I,JGXO49859BD419299,Bentayga,Bentley,2013,,
A,JGXO49859BD419299,,,,,
R,JGXO49859BD419299,,,,,
R,JGXO49859BD419299,,,,,
R,JGXO49859BD419299,,,,,
R,JGXO49859BD419299,,,,,
R,JGXO49859BD419299,,,,,
R,JGXO49859BD419299,,,,,
A,JGXO49859BD419299,,,,,
R,JGXO49859BD419299,,,,,
I,FIBP082FJBF288467,Optima,Kia,2019,,
A,FIBP082FJBF288467,,,,,
A,FIBP082FJBF288467,,,,,
R,FIBP082FJBF288467,,,,,
R,FIBP082FJBF288467,,,,,
R,FIBP082FJBF288467,,,,,
A,FIBP082FJBF288467,,,,,
A,FIBP082FJBF288467,,,,,
I,BCI63UHDUSJ322437,Beetle,Volkswagen,2014,,
R,BCI63UHDUSJ322437,,,,,
R,BCI63UHDUSJ322437,,,,,
R,BCI63UHDUSJ322437,,,,,
I,VXKN372VUMY284684,S60,Volvo,2019,,
A,VXKN372VUMY284684,,,,,
A,VXKN372VUMY284684,,,,,
A,VXKN372VUMY284684,,,,,
A,VXKN372VUMY284684,,,,,
A,VXKN372VUMY284684,,,,,
R,VXKN372VUMY284684,,,,,
I,JXPE23351QW981333,Yaris,Toyota,2018,,
R,JXPE23351QW981333,,,,,
A,JXPE23351QW981333,,,,,
A,JXPE23351QW981333,,,,,
R,JXPE23351QW981333,,,,,
A,JXPE23351QW981333,,,,,
A,JXPE23351QW981333,,,,,
I,OTSO415BIWE753626,S5,Audi,2012,,
A,OTSO415BIWE753626,,,,,
A,OTSO415BIWE753626,,,,,
A,OTSO415BIWE753626,,,,,
I,HGT08WDNLUC066665,Q8,Audi,2019,,
A,HGT08WDNLUC066665,,,,,
A,HGT08WDNLUC066665,,,,,
R,HGT08WDNLUC066665,,,,,
I,CNTS97777NU071644,Prius,Toyota,2019,,
R,CNTS97777NU071644,,,,,
R,CNTS97777NU071644,,,,,
R,CNTS97777NU071644,,,,,
A,CNTS97777NU071644,,,,,
A,CNTS97777NU071644,,,,,
I,MDDD985SOZN867928,Prius,Toyota,2019,,
A,MDDD985SOZN867928,,,,,
I,XVJ31UPTKYM602294,Z4,BMW,2019,,
R,XVJ31UPTKYM602294,,,,,
A,XVJ31UPTKYM602294,,,,,
R,XVJ31UPTKYM602294,,,,,
R,XVJ31UPTKYM602294,,,,,
R,XVJ31UPTKYM602294,,,,,
R,XVJ31UPTKYM602294,,,,,
R,XVJ31UPTKYM602294,,,,,
A,XVJ31UPTKYM602294,,,,,
I,VPM28RNWUJT749866,Z4,BMW,2019,,
A,VPM28RNWUJT749866,,,,,
R,VPM28RNWUJT749866,,,,,
R,VPM28RNWUJT749866,,,,,
A,VPM28RNWUJT749866,,,,,
I,UXRN94120WY707363,XJ,Jaguar,2014,,
R,UXRN94120WY707363,,,,,
A,UXRN94120WY707363,,,,,
I,SMT53XVFYOJ432381,Bentayga,Bentley,2013,,
R,SMT53XVFYOJ432381,,,,,
R,SMT53XVFYOJ432381,,,,,
R,SMT53XVFYOJ432381,,,,,
I,ACUM57481RQ399032,Prius,Toyota,2019,,
R,ACUM57481RQ399032,,,,,
A,ACUM57481RQ399032,,,,,
A,ACUM57481RQ399032,,,,,
A,ACUM57481RQ399032,,,,,
A,ACUM57481RQ399032,,,,,
R,ACUM57481RQ399032,,,,,
A,ACUM57481RQ399032,,,,,
R,ACUM57481RQ399032,,,,,
R,ACUM57481RQ399032,,,,,
I,UZGS18019UB352127,QX30,INFINITI,2014,,
R,UZGS18019UB352127,,,,,
R,UZGS18019UB352127,,,,,
I,LWVM15465GQ882237,Prius,Toyota,2019,,
R,LWVM15465GQ882237,,,,,
A,LWVM15465GQ882237,,,,,
R,LWVM15465GQ882237,,,,,
I,CATW807AYYO050033,S5,Audi,2012,,
R,CATW807AYYO050033,,,,,
A,CATW807AYYO050033,,,,,
A,CATW807AYYO050033,,,,,
A,CATW807AYYO050033,,,,,
A,CATW807AYYO050033,,,,,
R,CATW807AYYO050033,,,,,
A,CATW807AYYO050033,,,,,
R,CATW807AYYO050033,,,,,
I,OOUI17997TY048264,Q8,Audi,2019,,
A,OOUI17997TY048264,,,,,
A,OOUI17997TY048264,,,,,
A,OOUI17997TY048264,,,,,
I,LNH29DQOKAH922869,Prius,Toyota,2019,,
R,LNH29DQOKAH922869,,,,,
R,LNH29DQOKAH922869,,,,,
I,SEP86DWEXFD593400,XT4,Cadillac,2016,,
A,SEP86DWEXFD593400,,,,,
R,SEP86DWEXFD593400,,,,,
A,SEP86DWEXFD593400,,,,,
R,SEP86DWEXFD593400,,,,,
I,LDSH91582AK945021,S5,Audi,2012,,
A,LDSH91582AK945021,,,,,
A,LDSH91582AK945021,,,,,
R,LDSH91582AK945021,,,,,
A,LDSH91582AK945021,,,,,
A,LDSH91582AK945021,,,,,
R,LDSH91582AK945021,,,,,
R,LDSH91582AK945021,,,,,
I,FXQJ04425JY652829,XT4,Cadillac,2016,,
A,FXQJ04425JY652829,,,,,
A,FXQJ04425JY652829,,,,,
A,FXQJ04425JY652829,,,,,
R,FXQJ04425JY652829,,,,,
R,FXQJ04425JY652829,,,,,
I,BRYX714JPKT216176,Q8,Audi,2019,,
A,BRYX714JPKT216176,,,,,
I,OCRY956CTZD651143,A7,Audi,2019,,
R,OCRY956CTZD651143,,,,,
I,TXKS091YUKV323380,A4,Audi,2017,,
A,TXKS091YUKV323380,,,,,
R,TXKS091YUKV323380,,,,,
A,TXKS091YUKV323380,,,,,
I,HDAY74979BH765265,A7,Audi,2019,,
A,HDAY74979BH765265,,,,,
A,HDAY74979BH765265,,,,,
R,HDAY74979BH765265,,,,,
R,HDAY74979BH765265,,,,,
R,HDAY74979BH765265,,,,,
I,WHGT32238MZ415565,Yaris,Toyota,2018,,
A,WHGT32238MZ415565,,,,,
R,WHGT32238MZ415565,,,,,
R,WHGT32238MZ415565,,,,,
A,WHGT32238MZ415565,,,,,
R,WHGT32238MZ415565,,,,,
A,WHGT32238MZ415565,,,,,
R,WHGT32238MZ415565,,,,,
A,WHGT32238MZ415565,,,,,
R,WHGT32238MZ415565,,,,,
I,ELNB65901UM723143,A4,Audi,2017,,
A,ELNB65901UM723143,,,,,
R,ELNB65901UM723143,,,,,
R,ELNB65901UM723143,,,,,
R,ELNB65901UM723143,,,,,
A,ELNB65901UM723143,,,,,
R,ELNB65901UM723143,,,,,
A,ELNB65901UM723143,,,,,
A,ELNB65901UM723143,,,,,
R,ELNB65901UM723143,,,,,
I,ULUP64110YZ782286,Bentayga,Bentley,2013,,
A,ULUP64110YZ782286,,,,,
R,ULUP64110YZ782286,,,,,
I,VWKK48131NK485339,Prius,Toyota,2019,,
R,VWKK48131NK485339,,,,,
I,UWVW129WIJP828564,XJ,Jaguar,2014,,
R,UWVW129WIJP828564,,,,,
R,UWVW129WIJP828564,,,,,
R,UWVW129WIJP828564,,,,,
A,UWVW129WIJP828564,,,,,
I,XTQH22534PG808885,S5,Audi,2012,,
A,XTQH22534PG808885,,,,,
A,XTQH22534PG808885,,,,,
R,XTQH22534PG808885,,,,,
A,XTQH22534PG808885,,,,,
A,XTQH22534PG808885,,,,,
I,FQEZ453VRZX007303,QX30,INFINITI,2014,,
A,FQEZ453VRZX007303,,,,,
I,NUQG089IWGZ598877,S60,Volvo,2019,,
R,NUQG089IWGZ598877,,,,,
I,JRFV985BEPG523549,A4,Audi,2017,,
A,JRFV985BEPG523549,,,,,
A,JRFV985BEPG523549,,,,,
R,JRFV985BEPG523549,,,,,
R,JRFV985BEPG523549,,,,,
I,XQIK01525CJ824713,Optima,Kia,2019,,
A,XQIK01525CJ824713,,,,,
A,XQIK01525CJ824713,,,,,
R,XQIK01525CJ824713,,,,,
R,XQIK01525CJ824713,,,,,
A,XQIK01525CJ824713,,,,,
I,YUGS900LYET105578,XT4,Cadillac,2016,,
R,YUGS900LYET105578,,,,,
A,YUGS900LYET105578,,,,,
R,YUGS900LYET105578,,,,,
A,YUGS900LYET105578,,,,,
R,YUGS900LYET105578,,,,,
R,YUGS900LYET105578,,,,,
I,RWB18LHMBLG411035,A7,Audi,2019,,
A,RWB18LHMBLG411035,,,,,
A,RWB18LHMBLG411035,,,,,
A,RWB18LHMBLG411035,,,,,
I,ZME79RZNDBX447495,Optima,Kia,2019,,
R,ZME79RZNDBX447495,,,,,
R,ZME79RZNDBX447495,,,,,
A,ZME79RZNDBX447495,,,,,
R,ZME79RZNDBX447495,,,,,
A,ZME79RZNDBX447495,,,,,
R,ZME79RZNDBX447495,,,,,
R,ZME79RZNDBX447495,,,,,
A,ZME79RZNDBX447495,,,,,
R,ZME79RZNDBX447495,,,,,
I,CPRF10962OY917547,Yaris,Toyota,2018,,
R,CPRF10962OY917547,,,,,
R,CPRF10962OY917547,,,,,
A,CPRF10962OY917547,,,,,
R,CPRF10962OY917547,,,,,
A,CPRF10962OY917547,,,,,
A,CPRF10962OY917547,,,,,
R,CPRF10962OY917547,,,,,
R,CPRF10962OY917547,,,,,
I,OYGW20593YJ808627,Z4,BMW,2019,,
R,OYGW20593YJ808627,,,,,
R,OYGW20593YJ808627,,,,,
A,OYGW20593YJ808627,,,,,
I,FNSM050HFNO772588,Q8,Audi,2019,,
A,FNSM050HFNO772588,,,,,
I,SWO70OXERIR233916,A7,Audi,2019,,
R,SWO70OXERIR233916,,,,,
A,SWO70OXERIR233916,,,,,
R,SWO70OXERIR233916,,,,,
R,SWO70OXERIR233916,,,,,
I,QNRH46999LC107133,Yukon XL,GMC,2016,,
A,QNRH46999LC107133,,,,,
A,QNRH46999LC107133,,,,,
A,QNRH46999LC107133,,,,,
R,QNRH46999LC107133,,,,,
R,QNRH46999LC107133,,,,,
A,QNRH46999LC107133,,,,,
R,QNRH46999LC107133,,,,,
R,QNRH46999LC107133,,,,,
I,PZCH553NYFV154899,Yukon XL,GMC,2016,,
R,PZCH553NYFV154899,,,,,
R,PZCH553NYFV154899,,,,,
R,PZCH553NYFV154899,,,,,
A,PZCH553NYFV154899,,,,,
A,PZCH553NYFV154899,,,,,
R,PZCH553NYFV154899,,,,,
R,PZCH553NYFV154899,,,,,
I,OVII88702JC435121,Z4,BMW,2019,,
R,OVII88702JC435121,,,,,
A,OVII88702JC435121,,,,,
R,OVII88702JC435121,,,,,
I,YXQ28HSGBZC591995,S60,Volvo,2019,,
R,YXQ28HSGBZC591995,,,,,
R,YXQ28HSGBZC591995,,,,,
A,YXQ28HSGBZC591995,,,,,
A,YXQ28HSGBZC591995,,,,,
I,XKOQ45273QM344913,XJ,Jaguar,2014,,
A,XKOQ45273QM344913,,,,,
A,XKOQ45273QM344913,,,,,
R,XKOQ45273QM344913,,,,,
A,XKOQ45273QM344913,,,,,
R,XKOQ45273QM344913,,,,,
R,XKOQ45273QM344913,,,,,
R,XKOQ45273QM344913,,,,,
I,RNY59UQWHGZ314751,Prius,Toyota,2019,,
A,RNY59UQWHGZ314751,,,,,
R,RNY59UQWHGZ314751,,,,,
R,RNY59UQWHGZ314751,,,,,
A,RNY59UQWHGZ314751,,,,,
R,RNY59UQWHGZ314751,,,,,
A,RNY59UQWHGZ314751,,,,,
I,VRGL795CNXU225581,Bentayga,Bentley,2013,,
A,VRGL795CNXU225581,,,,,
R,VRGL795CNXU225581,,,,,
A,VRGL795CNXU225581,,,,,
R,VRGL795CNXU225581,,,,,
R,VRGL795CNXU225581,,,,,
R,VRGL795CNXU225581,,,,,
A,VRGL795CNXU225581,,,,,
R,VRGL795CNXU225581,,,,,
I,IPTE11506ZM077847,Q8,Audi,2019,,
A,IPTE11506ZM077847,,,,,
R,IPTE11506ZM077847,,,,,
A,IPTE11506ZM077847,,,,,
R,IPTE11506ZM077847,,,,,
A,IPTE11506ZM077847,,,,,
I,AVW86KMHNLF147905,Z4,BMW,2019,,
A,AVW86KMHNLF147905,,,,,
I,ZSXL00628WD536424,Yukon XL,GMC,2016,,
R,ZSXL00628WD536424,,,,,
A,ZSXL00628WD536424,,,,,
A,ZSXL00628WD536424,,,,,
A,ZSXL00628WD536424,,,,,
R,ZSXL00628WD536424,,,,,
R,ZSXL00628WD536424,,,,,
A,ZSXL00628WD536424,,,,,
I,MHD84JMYXNC032625,XJ,Jaguar,2014,,
R,MHD84JMYXNC032625,,,,,
A,MHD84JMYXNC032625,,,,,
A,MHD84JMYXNC032625,,,,,
R,MHD84JMYXNC032625,,,,,
A,MHD84JMYXNC032625,,,,,
R,MHD84JMYXNC032625,,,,,
I,QVKV116AXVU102835,A7,Audi,2019,,
R,QVKV116AXVU102835,,,,,
A,QVKV116AXVU102835,,,,,
A,QVKV116AXVU102835,,,,,
A,QVKV116AXVU102835,,,,,
A,QVKV116AXVU102835,,,,,
R,QVKV116AXVU102835,,,,,
R,QVKV116AXVU102835,,,,,
R,QVKV116AXVU102835,,,,,
A,QVKV116AXVU102835,,,,,
I,UYGI07998UQ846741,Yaris,Toyota,2018,,
A,UYGI07998UQ846741,,,,,
R,UYGI07998UQ846741,,,,,
R,UYGI07998UQ846741,,,,,
R,UYGI07998UQ846741,,,,,
R,UYGI07998UQ846741,,,,,
I,JKFX294VNHX386291,Q8,Audi,2019,,
A,JKFX294VNHX386291,,,,,
A,JKFX294VNHX386291,,,,,
I,GTLB162JJSL209791,A4,Audi,2017,,
A,GTLB162JJSL209791,,,,,
R,GTLB162JJSL209791,,,,,
R,GTLB162JJSL209791,,,,,
A,GTLB162JJSL209791,,,,,
A,GTLB162JJSL209791,,,,,
R,GTLB162JJSL209791,,,,,
A,GTLB162JJSL209791,,,,,
R,GTLB162JJSL209791,,,,,
I,RIWG70887CA786968,A7,Audi,2019,,
R,RIWG70887CA786968,,,,,
A,RIWG70887CA786968,,,,,
A,RIWG70887CA786968,,,,,
I,ANFO325FOSG513818,Yaris,Toyota,2018,,
R,ANFO325FOSG513818,,,,,
A,ANFO325FOSG513818,,,,,
R,ANFO325FOSG513818,,,,,
A,ANFO325FOSG513818,,,,,
A,ANFO325FOSG513818,,,,,
A,ANFO325FOSG513818,,,,,
R,ANFO325FOSG513818,,,,,
R,ANFO325FOSG513818,,,,,
I,IPH17WEIPQE668451,Optima,Kia,2019,,
R,IPH17WEIPQE668451,,,,,
A,IPH17WEIPQE668451,,,,,
I,CUHB49841IE725480,S5,Audi,2012,,
R,CUHB49841IE725480,,,,,
A,CUHB49841IE725480,,,,,
A,CUHB49841IE725480,,,,,
A,CUHB49841IE725480,,,,,
A,CUHB49841IE725480,,,,,
A,CUHB49841IE725480,,,,,
R,CUHB49841IE725480,,,,,
R,CUHB49841IE725480,,,,,
A,CUHB49841IE725480,,,,,
I,DVFZ416RQAX889804,A4,Audi,2017,,
R,DVFZ416RQAX889804,,,,,
R,DVFZ416RQAX889804,,,,,
A,DVFZ416RQAX889804,,,,,
A,DVFZ416RQAX889804,,,,,
A,DVFZ416RQAX889804,,,,,
A,DVFZ416RQAX889804,,,,,
I,IQCI438FFNA387374,Yukon XL,GMC,2016,,
R,IQCI438FFNA387374,,,,,
R,IQCI438FFNA387374,,,,,
R,IQCI438FFNA387374,,,,,
R,IQCI438FFNA387374,,,,,
A,IQCI438FFNA387374,,,,,
R,IQCI438FFNA387374,,,,,
R,IQCI438FFNA387374,,,,,
A,IQCI438FFNA387374,,,,,
I,CNX44XPATZI135190,Bentayga,Bentley,2013,,
A,CNX44XPATZI135190,,,,,
R,CNX44XPATZI135190,,,,,
A,CNX44XPATZI135190,,,,,
I,HAR05BGQGGJ290987,QX30,INFINITI,2014,,
R,HAR05BGQGGJ290987,,,,,
I,ASX11ZAJFTG714210,Q8,Audi,2019,,
R,ASX11ZAJFTG714210,,,,,
R,ASX11ZAJFTG714210,,,,,
I,IBV22XOWTNK744376,QX30,INFINITI,2014,,
R,IBV22XOWTNK744376,,,,,
R,IBV22XOWTNK744376,,,,,
R,IBV22XOWTNK744376,,,,,
R,IBV22XOWTNK744376,,,,,
A,IBV22XOWTNK744376,,,,,
R,IBV22XOWTNK744376,,,,,
A,IBV22XOWTNK744376,,,,,
A,IBV22XOWTNK744376,,,,,
R,IBV22XOWTNK744376,,,,,
I,VFR57ZNRETA906219,Beetle,Volkswagen,2014,,
A,VFR57ZNRETA906219,,,,,
A,VFR57ZNRETA906219,,,,,
R,VFR57ZNRETA906219,,,,,
R,VFR57ZNRETA906219,,,,,
A,VFR57ZNRETA906219,,,,,
A,VFR57ZNRETA906219,,,,,
R,VFR57ZNRETA906219,,,,,
R,VFR57ZNRETA906219,,,,,
I,BHR32QWMWQC299853,XJ,Jaguar,2014,,
R,BHR32QWMWQC299853,,,,,
R,BHR32QWMWQC299853,,,,,
A,BHR32QWMWQC299853,,,,,
A,BHR32QWMWQC299853,,,,,
A,BHR32QWMWQC299853,,,,,
R,BHR32QWMWQC299853,,,,,
R,BHR32QWMWQC299853,,,,,
I,DHJP249TNJJ804163,Bentayga,Bentley,2013,,
R,DHJP249TNJJ804163,,,,,
A,DHJP249TNJJ804163,,,,,
A,DHJP249TNJJ804163,,,,,
A,DHJP249TNJJ804163,,,,,
A,DHJP249TNJJ804163,,,,,
R,DHJP249TNJJ804163,,,,,
I,NZPS52784DH772954,XT4,Cadillac,2016,,
A,NZPS52784DH772954,,,,,
A,NZPS52784DH772954,,,,,
R,NZPS52784DH772954,,,,,
R,NZPS52784DH772954,,,,,
R,NZPS52784DH772954,,,,,
I,OXNU42909BE997410,Z4,BMW,2019,,
R,OXNU42909BE997410,,,,,
A,OXNU42909BE997410,,,,,
A,OXNU42909BE997410,,,,,
I,JEN55VGZOMX830530,Yukon XL,GMC,2016,,
A,JEN55VGZOMX830530,,,,,
I,PUIG983AXAV814132,XT4,Cadillac,2016,,
R,PUIG983AXAV814132,,,,,
R,PUIG983AXAV814132,,,,,
A,PUIG983AXAV814132,,,,,
I,NYWL79400VM585421,A4,Audi,2017,,
A,NYWL79400VM585421,,,,,
R,NYWL79400VM585421,,,,,
A,NYWL79400VM585421,,,,,
R,NYWL79400VM585421,,,,,
I,TENV156MVFG701877,Z4,BMW,2019,,
A,TENV156MVFG701877,,,,,
A,TENV156MVFG701877,,,,,
A,TENV156MVFG701877,,,,,
A,TENV156MVFG701877,,,,,
A,TENV156MVFG701877,,,,,
R,TENV156MVFG701877,,,,,
I,UBBL588WQVB825688,A7,Audi,2019,,
R,UBBL588WQVB825688,,,,,
A,UBBL588WQVB825688,,,,,
R,UBBL588WQVB825688,,,,,
I,KKPK293QQVS967102,XJ,Jaguar,2014,,
R,KKPK293QQVS967102,,,,,
I,WGFM399SNUR089820,Optima,Kia,2019,,
A,WGFM399SNUR089820,,,,,
R,WGFM399SNUR089820,,,,,
I,HNQ59NCBFLV814342,S5,Audi,2012,,
R,HNQ59NCBFLV814342,,,,,
A,HNQ59NCBFLV814342,,,,,
I,HAL49WCVQMX361027,Bentayga,Bentley,2013,,
R,HAL49WCVQMX361027,,,,,
A,HAL49WCVQMX361027,,,,,
R,HAL49WCVQMX361027,,,,,
R,HAL49WCVQMX361027,,,,,
R,HAL49WCVQMX361027,,,,,
A,HAL49WCVQMX361027,,,,,
R,HAL49WCVQMX361027,,,,,
I,VSO68BYVABQ522308,S60,Volvo,2019,,
R,VSO68BYVABQ522308,,,,,
A,VSO68BYVABQ522308,,,,,
R,VSO68BYVABQ522308,,,,,
A,VSO68BYVABQ522308,,,,,
I,TJUC647OWQS091745,XT4,Cadillac,2016,,
R,TJUC647OWQS091745,,,,,
A,TJUC647OWQS091745,,,,,
I,RMQC17152VH551911,A7,Audi,2019,,
R,RMQC17152VH551911,,,,,
A,RMQC17152VH551911,,,,,
R,RMQC17152VH551911,,,,,
I,ABZ24BYMPMK820129,XT4,Cadillac,2016,,
R,ABZ24BYMPMK820129,,,,,
R,ABZ24BYMPMK820129,,,,,
R,ABZ24BYMPMK820129,,,,,
R,ABZ24BYMPMK820129,,,,,
R,ABZ24BYMPMK820129,,,,,
A,ABZ24BYMPMK820129,,,,,
R,ABZ24BYMPMK820129,,,,,
I,FGE20RUCSNB809032,Prius,Toyota,2019,,
A,FGE20RUCSNB809032,,,,,
A,FGE20RUCSNB809032,,,,,
A,FGE20RUCSNB809032,,,,,
R,FGE20RUCSNB809032,,,,,
I,HVY78RXOWTM102805,S5,Audi,2012,,
R,HVY78RXOWTM102805,,,,,
I,QADG91243RS345316,Prius,Toyota,2019,,
A,QADG91243RS345316,,,,,
R,QADG91243RS345316,,,,,
R,QADG91243RS345316,,,,,
A,QADG91243RS345316,,,,,
A,QADG91243RS345316,,,,,
R,QADG91243RS345316,,,,,
R,QADG91243RS345316,,,,,
I,PYPV82473XQ683123,QX30,INFINITI,2014,,
A,PYPV82473XQ683123,,,,,
A,PYPV82473XQ683123,,,,,
A,PYPV82473XQ683123,,,,,
R,PYPV82473XQ683123,,,,,
A,PYPV82473XQ683123,,,,,
I,LYEC00753FB699361,A4,Audi,2017,,
A,LYEC00753FB699361,,,,,
R,LYEC00753FB699361,,,,,
I,IFYQ774DJQL962163,A4,Audi,2017,,
A,IFYQ774DJQL962163,,,,,
R,IFYQ774DJQL962163,,,,,
A,IFYQ774DJQL962163,,,,,
R,IFYQ774DJQL962163,,,,,
R,IFYQ774DJQL962163,,,,,
A,IFYQ774DJQL962163,,,,,
R,IFYQ774DJQL962163,,,,,
R,IFYQ774DJQL962163,,,,,
I,EBZH59979NA372360,Optima,Kia,2019,,
A,EBZH59979NA372360,,,,,
A,EBZH59979NA372360,,,,,
R,EBZH59979NA372360,,,,,
R,EBZH59979NA372360,,,,,
A,EBZH59979NA372360,,,,,
R,EBZH59979NA372360,,,,,
R,EBZH59979NA372360,,,,,
A,EBZH59979NA372360,,,,,
R,EBZH59979NA372360,,,,,
I,DAD50JYVPSQ548731,S60,Volvo,2019,,
R,DAD50JYVPSQ548731,,,,,
R,DAD50JYVPSQ548731,,,,,
A,DAD50JYVPSQ548731,,,,,
A,DAD50JYVPSQ548731,,,,,
A,DAD50JYVPSQ548731,,,,,
A,DAD50JYVPSQ548731,,,,,
R,DAD50JYVPSQ548731,,,,,
I,CQR55ECZAHF124645,Yaris,Toyota,2018,,
R,CQR55ECZAHF124645,,,,,
R,CQR55ECZAHF124645,,,,,
R,CQR55ECZAHF124645,,,,,
R,CQR55ECZAHF124645,,,,,
R,CQR55ECZAHF124645,,,,,
A,CQR55ECZAHF124645,,,,,
I,AQLX510ERIX957680,A4,Audi,2017,,
A,AQLX510ERIX957680,,,,,
A,AQLX510ERIX957680,,,,,
R,AQLX510ERIX957680,,,,,
R,AQLX510ERIX957680,,,,,
A,AQLX510ERIX957680,,,,,
R,AQLX510ERIX957680,,,,,
R,AQLX510ERIX957680,,,,,
A,AQLX510ERIX957680,,,,,
I,XHMW55665WN910325,Prius,Toyota,2019,,
R,XHMW55665WN910325,,,,,
R,XHMW55665WN910325,,,,,
R,XHMW55665WN910325,,,,,
A,XHMW55665WN910325,,,,,
R,XHMW55665WN910325,,,,,
A,XHMW55665WN910325,,,,,
A,XHMW55665WN910325,,,,,
I,VVS41SZKEHC912994,A7,Audi,2019,,
A,VVS41SZKEHC912994,,,,,
A,VVS41SZKEHC912994,,,,,
R,VVS41SZKEHC912994,,,,,
R,VVS41SZKEHC912994,,,,,
I,LCJD984PSWH353351,Q8,Audi,2019,,
A,LCJD984PSWH353351,,,,,
A,LCJD984PSWH353351,,,,,
R,LCJD984PSWH353351,,,,,
R,LCJD984PSWH353351,,,,,
R,LCJD984PSWH353351,,,,,
A,LCJD984PSWH353351,,,,,
I,CADJ29526CA783106,Prius,Toyota,2019,,
A,CADJ29526CA783106,,,,,
R,CADJ29526CA783106,,,,,
R,CADJ29526CA783106,,,,,
I,APV70SROQTI063374,Z4,BMW,2019,,
R,APV70SROQTI063374,,,,,
A,APV70SROQTI063374,,,,,
A,APV70SROQTI063374,,,,,
A,APV70SROQTI063374,,,,,
A,APV70SROQTI063374,,,,,
R,APV70SROQTI063374,,,,,
A,APV70SROQTI063374,,,,,
R,APV70SROQTI063374,,,,,
R,APV70SROQTI063374,,,,,
I,LYX89VZKJTW118742,A4,Audi,2017,,
R,LYX89VZKJTW118742,,,,,
I,CDZB28697MD365564,Prius,Toyota,2019,,
R,CDZB28697MD365564,,,,,
A,CDZB28697MD365564,,,,,
R,CDZB28697MD365564,,,,,
A,CDZB28697MD365564,,,,,
R,CDZB28697MD365564,,,,,
I,PPLB78057RS568358,A7,Audi,2019,,
A,PPLB78057RS568358,,,,,
I,LQB69NYHPYS380351,Z4,BMW,2019,,
A,LQB69NYHPYS380351,,,,,
A,LQB69NYHPYS380351,,,,,
A,LQB69NYHPYS380351,,,,,
A,LQB69NYHPYS380351,,,,,
R,LQB69NYHPYS380351,,,,,
I,QKWN027QJQJ344444,QX30,INFINITI,2014,,
R,QKWN027QJQJ344444,,,,,
A,QKWN027QJQJ344444,,,,,
R,QKWN027QJQJ344444,,,,,
R,QKWN027QJQJ344444,,,,,
A,QKWN027QJQJ344444,,,,,
A,QKWN027QJQJ344444,,,,,
I,LQL78ITPFWS048321,XT4,Cadillac,2016,,
A,LQL78ITPFWS048321,,,,,
A,LQL78ITPFWS048321,,,,,
I,AIKB67765IC209116,Bentayga,Bentley,2013,,
R,AIKB67765IC209116,,,,,
R,AIKB67765IC209116,,,,,
R,AIKB67765IC209116,,,,,
R,AIKB67765IC209116,,,,,
A,AIKB67765IC209116,,,,,
I,OXHQ924HWJT883145,A7,Audi,2019,,
A,OXHQ924HWJT883145,,,,,
R,OXHQ924HWJT883145,,,,,
A,OXHQ924HWJT883145,,,,,
I,END26FCUDBM091612,Yukon XL,GMC,2016,,
R,END26FCUDBM091612,,,,,
R,END26FCUDBM091612,,,,,
I,MKXI91750YR428840,A7,Audi,2019,,
R,MKXI91750YR428840,,,,,
R,MKXI91750YR428840,,,,,
A,MKXI91750YR428840,,,,,
A,MKXI91750YR428840,,,,,
A,MKXI91750YR428840,,,,,
A,MKXI91750YR428840,,,,,
I,XHQW812VYDQ652556,Yukon XL,GMC,2016,,
A,XHQW812VYDQ652556,,,,,
R,XHQW812VYDQ652556,,,,,
R,XHQW812VYDQ652556,,,,,
A,XHQW812VYDQ652556,,,,,
A,XHQW812VYDQ652556,,,,,
I,BTDD540LCPW667798,XT4,Cadillac,2016,,
R,BTDD540LCPW667798,,,,,
R,BTDD540LCPW667798,,,,,
A,BTDD540LCPW667798,,,,,
I,FLHR51100NK456101,Optima,Kia,2019,,
R,FLHR51100NK456101,,,,,
R,FLHR51100NK456101,,,,,
R,FLHR51100NK456101,,,,,
R,FLHR51100NK456101,,,,,
A,FLHR51100NK456101,,,,,
A,FLHR51100NK456101,,,,,
I,UHP16HPESHY125325,Z4,BMW,2019,,
A,UHP16HPESHY125325,,,,,
A,UHP16HPESHY125325,,,,,
A,UHP16HPESHY125325,,,,,
R,UHP16HPESHY125325,,,,,
A,UHP16HPESHY125325,,,,,
R,UHP16HPESHY125325,,,,,
A,UHP16HPESHY125325,,,,,
R,UHP16HPESHY125325,,,,,
R,UHP16HPESHY125325,,,,,
I,GWW88LPZQFS093749,Bentayga,Bentley,2013,,
A,GWW88LPZQFS093749,,,,,
A,GWW88LPZQFS093749,,,,,
R,GWW88LPZQFS093749,,,,,
A,GWW88LPZQFS093749,,,,,
A,GWW88LPZQFS093749,,,,,
A,GWW88LPZQFS093749,,,,,
R,GWW88LPZQFS093749,,,,,
A,GWW88LPZQFS093749,,,,,
R,GWW88LPZQFS093749,,,,,
I,IUXA59613KN538364,XT4,Cadillac,2016,,
A,IUXA59613KN538364,,,,,
A,IUXA59613KN538364,,,,,
A,IUXA59613KN538364,,,,,
R,IUXA59613KN538364,,,,,
A,IUXA59613KN538364,,,,,
R,IUXA59613KN538364,,,,,
R,IUXA59613KN538364,,,,,
R,IUXA59613KN538364,,,,,
A,IUXA59613KN538364,,,,,
I,NBP88MQGUOU358477,S5,Audi,2012,,
R,NBP88MQGUOU358477,,,,,
R,NBP88MQGUOU358477,,,,,
A,NBP88MQGUOU358477,,,,,
R,NBP88MQGUOU358477,,,,,
R,NBP88MQGUOU358477,,,,,
R,NBP88MQGUOU358477,,,,,
I,GVE00SGFGST632654,XT4,Cadillac,2016,,
A,GVE00SGFGST632654,,,,,
R,GVE00SGFGST632654,,,,,
I,ATG49MNGDEB321631,S5,Audi,2012,,
A,ATG49MNGDEB321631,,,,,
A,ATG49MNGDEB321631,,,,,
R,ATG49MNGDEB321631,,,,,
A,ATG49MNGDEB321631,,,,,
A,ATG49MNGDEB321631,,,,,
A,ATG49MNGDEB321631,,,,,
I,QNEB40458RO553974,Prius,Toyota,2019,,
R,QNEB40458RO553974,,,,,
A,QNEB40458RO553974,,,,,
R,QNEB40458RO553974,,,,,
A,QNEB40458RO553974,,,,,
R,QNEB40458RO553974,,,,,
R,QNEB40458RO553974,,,,,
A,QNEB40458RO553974,,,,,
R,QNEB40458RO553974,,,,,
I,PAVP14072BA394281,A7,Audi,2019,,
R,PAVP14072BA394281,,,,,
R,PAVP14072BA394281,,,,,
A,PAVP14072BA394281,,,,,
I,SJDS637KYAW996332,S5,Audi,2012,,
A,SJDS637KYAW996332,,,,,
R,SJDS637KYAW996332,,,,,
I,SDJF360IBOZ799116,Optima,Kia,2019,,
A,SDJF360IBOZ799116,,,,,
I,MFO92AVILCV994275,Beetle,Volkswagen,2014,,
R,MFO92AVILCV994275,,,,,
R,MFO92AVILCV994275,,,,,
I,JBI84UMXFNL781682,A7,Audi,2019,,
R,JBI84UMXFNL781682,,,,,
R,JBI84UMXFNL781682,,,,,
A,JBI84UMXFNL781682,,,,,
A,JBI84UMXFNL781682,,,,,
A,JBI84UMXFNL781682,,,,,
I,TWK04BQEVPE637857,Prius,Toyota,2019,,
R,TWK04BQEVPE637857,,,,,
R,TWK04BQEVPE637857,,,,,
A,TWK04BQEVPE637857,,,,,
A,TWK04BQEVPE637857,,,,,
A,TWK04BQEVPE637857,,,,,
R,TWK04BQEVPE637857,,,,,
I,UZKY039PEGM049967,Prius,Toyota,2019,,
R,UZKY039PEGM049967,,,,,
R,UZKY039PEGM049967,,,,,
A,UZKY039PEGM049967,,,,,
A,UZKY039PEGM049967,,,,,
A,UZKY039PEGM049967,,,,,
R,UZKY039PEGM049967,,,,,
R,UZKY039PEGM049967,,,,,
I,TEO00XQSGPL789148,A7,Audi,2019,,
A,TEO00XQSGPL789148,,,,,
A,TEO00XQSGPL789148,,,,,
R,TEO00XQSGPL789148,,,,,
A,TEO00XQSGPL789148,,,,,
R,TEO00XQSGPL789148,,,,,
A,TEO00XQSGPL789148,,,,,
A,TEO00XQSGPL789148,,,,,
I,CEB64BKJJMC259785,A4,Audi,2017,,
R,CEB64BKJJMC259785,,,,,
R,CEB64BKJJMC259785,,,,,
A,CEB64BKJJMC259785,,,,,
A,CEB64BKJJMC259785,,,,,
A,CEB64BKJJMC259785,,,,,
A,CEB64BKJJMC259785,,,,,
A,CEB64BKJJMC259785,,,,,
A,CEB64BKJJMC259785,,,,,
I,XRIA024LNBO170199,Yukon XL,GMC,2016,,
R,XRIA024LNBO170199,,,,,
I,TWHF21065IS241036,Q8,Audi,2019,,
A,TWHF21065IS241036,,,,,
R,TWHF21065IS241036,,,,,
A,TWHF21065IS241036,,,,,
I,TFID937JXUN183343,XJ,Jaguar,2014,,
A,TFID937JXUN183343,,,,,
A,TFID937JXUN183343,,,,,
A,TFID937JXUN183343,,,,,
R,TFID937JXUN183343,,,,,
R,TFID937JXUN183343,,,,,
I,DTKL433COVD314286,Beetle,Volkswagen,2014,,
A,DTKL433COVD314286,,,,,
I,MHNF64164OJ735962,A4,Audi,2017,,
R,MHNF64164OJ735962,,,,,
R,MHNF64164OJ735962,,,,,
I,ISU17VAANUO163287,Bentayga,Bentley,2013,,
R,ISU17VAANUO163287,,,,,
R,ISU17VAANUO163287,,,,,
R,ISU17VAANUO163287,,,,,
R,ISU17VAANUO163287,,,,,
A,ISU17VAANUO163287,,,,,
I,TXMF48809TR550371,QX30,INFINITI,2014,,
R,TXMF48809TR550371,,,,,
R,TXMF48809TR550371,,,,,
R,TXMF48809TR550371,,,,,
R,TXMF48809TR550371,,,,,
R,TXMF48809TR550371,,,,,
I,TCUX02935DH603721,Yukon XL,GMC,2016,,
R,TCUX02935DH603721,,,,,
R,TCUX02935DH603721,,,,,
A,TCUX02935DH603721,,,,,
R,TCUX02935DH603721,,,,,
R,TCUX02935DH603721,,,,,
A,TCUX02935DH603721,,,,,
I,DLN20EONTXQ549583,QX30,INFINITI,2014,,
A,DLN20EONTXQ549583,,,,,
R,DLN20EONTXQ549583,,,,,
A,DLN20EONTXQ549583,,,,,
R,DLN20EONTXQ549583,,,,,
A,DLN20EONTXQ549583,,,,,
R,DLN20EONTXQ549583,,,,,
I,MNA56ETTTPE381911,S60,Volvo,2019,,
A,MNA56ETTTPE381911,,,,,
I,AXX39ZLOOIS109453,S5,Audi,2012,,
A,AXX39ZLOOIS109453,,,,,
A,AXX39ZLOOIS109453,,,,,
A,AXX39ZLOOIS109453,,,,,
R,AXX39ZLOOIS109453,,,,,
R,AXX39ZLOOIS109453,,,,,
R,AXX39ZLOOIS109453,,,,,
I,PJK80TSSFXT696528,Bentayga,Bentley,2013,,
A,PJK80TSSFXT696528,,,,,
A,PJK80TSSFXT696528,,,,,
I,IXSH92856GF423888,S60,Volvo,2019,,
A,IXSH92856GF423888,,,,,
R,IXSH92856GF423888,,,,,
A,IXSH92856GF423888,,,,,
A,IXSH92856GF423888,,,,,
A,IXSH92856GF423888,,,,,
R,IXSH92856GF423888,,,,,
R,IXSH92856GF423888,,,,,
R,IXSH92856GF423888,,,,,
R,IXSH92856GF423888,,,,,
I,HTB35AVUOUK792002,Beetle,Volkswagen,2014,,
R,HTB35AVUOUK792002,,,,,
A,HTB35AVUOUK792002,,,,,
A,HTB35AVUOUK792002,,,,,
A,HTB35AVUOUK792002,,,,,
R,HTB35AVUOUK792002,,,,,
A,HTB35AVUOUK792002,,,,,
I,THIT210QUJS584088,S5,Audi,2012,,
R,THIT210QUJS584088,,,,,
A,THIT210QUJS584088,,,,,
R,THIT210QUJS584088,,,,,
I,RME56ZHKYKZ471368,S60,Volvo,2019,,
A,RME56ZHKYKZ471368,,,,,
R,RME56ZHKYKZ471368,,,,,
R,RME56ZHKYKZ471368,,,,,
I,KSH41IDGQSV037189,Z4,BMW,2019,,
A,KSH41IDGQSV037189,,,,,
R,KSH41IDGQSV037189,,,,,
A,KSH41IDGQSV037189,,,,,
A,KSH41IDGQSV037189,,,,,
R,KSH41IDGQSV037189,,,,,
A,KSH41IDGQSV037189,,,,,
R,KSH41IDGQSV037189,,,,,
R,KSH41IDGQSV037189,,,,,
I,BUCY338CRIR150942,XJ,Jaguar,2014,,
A,BUCY338CRIR150942,,,,,
A,BUCY338CRIR150942,,,,,
R,BUCY338CRIR150942,,,,,
R,BUCY338CRIR150942,,,,,
I,ASFV846OZQW044360,Bentayga,Bentley,2013,,
R,ASFV846OZQW044360,,,,,
A,ASFV846OZQW044360,,,,,
A,ASFV846OZQW044360,,,,,
A,ASFV846OZQW044360,,,,,
A,ASFV846OZQW044360,,,,,
R,ASFV846OZQW044360,,,,,
R,ASFV846OZQW044360,,,,,
R,ASFV846OZQW044360,,,,,
R,ASFV846OZQW044360,,,,,
I,BLPO14536DH767950,XT4,Cadillac,2016,,
R,BLPO14536DH767950,,,,,
A,BLPO14536DH767950,,,,,
R,BLPO14536DH767950,,,,,
R,BLPO14536DH767950,,,,,
R,BLPO14536DH767950,,,,,
A,BLPO14536DH767950,,,,,
A,BLPO14536DH767950,,,,,
I,PYG06JVGZXE049353,XJ,Jaguar,2014,,
A,PYG06JVGZXE049353,,,,,
A,PYG06JVGZXE049353,,,,,
I,ZPH86AETILZ210462,QX30,INFINITI,2014,,
A,ZPH86AETILZ210462,,,,,
A,ZPH86AETILZ210462,,,,,
A,ZPH86AETILZ210462,,,,,
A,ZPH86AETILZ210462,,,,,
R,ZPH86AETILZ210462,,,,,
I,IOC77REOWRO968255,Beetle,Volkswagen,2014,,
A,IOC77REOWRO968255,,,,,
R,IOC77REOWRO968255,,,,,
R,IOC77REOWRO968255,,,,,
A,IOC77REOWRO968255,,,,,
R,IOC77REOWRO968255,,,,,
R,IOC77REOWRO968255,,,,,
R,IOC77REOWRO968255,,,,,
R,IOC77REOWRO968255,,,,,
A,IOC77REOWRO968255,,,,,
I,RAZ69IUXEQK813553,Q8,Audi,2019,,
R,RAZ69IUXEQK813553,,,,,
I,DHUA14544YL012438,Yaris,Toyota,2018,,
A,DHUA14544YL012438,,,,,
A,DHUA14544YL012438,,,,,
R,DHUA14544YL012438,,,,,
A,DHUA14544YL012438,,,,,
I,PFIR390RZIS057994,XT4,Cadillac,2016,,
R,PFIR390RZIS057994,,,,,
I,ZDV16JNMEEG547687,A4,Audi,2017,,
R,ZDV16JNMEEG547687,,,,,
A,ZDV16JNMEEG547687,,,,,
A,ZDV16JNMEEG547687,,,,,
I,VOH69MOLDVL682621,Q8,Audi,2019,,
R,VOH69MOLDVL682621,,,,,
A,VOH69MOLDVL682621,,,,,
A,VOH69MOLDVL682621,,,,,
R,VOH69MOLDVL682621,,,,,
A,VOH69MOLDVL682621,,,,,
R,VOH69MOLDVL682621,,,,,
R,VOH69MOLDVL682621,,,,,
R,VOH69MOLDVL682621,,,,,
A,VOH69MOLDVL682621,,,,,
I,YBFO503KTEG224179,XJ,Jaguar,2014,,
A,YBFO503KTEG224179,,,,,
R,YBFO503KTEG224179,,,,,
A,YBFO503KTEG224179,,,,,
I,YOBC174LLII333960,Yaris,Toyota,2018,,
A,YOBC174LLII333960,,,,,
A,YOBC174LLII333960,,,,,
R,YOBC174LLII333960,,,,,
A,YOBC174LLII333960,,,,,
R,YOBC174LLII333960,,,,,
R,YOBC174LLII333960,,,,,
R,YOBC174LLII333960,,,,,
A,YOBC174LLII333960,,,,,
I,CVET603TDXI150029,Yukon XL,GMC,2016,,
R,CVET603TDXI150029,,,,,
A,CVET603TDXI150029,,,,,
I,OJLT34419WO561890,Yaris,Toyota,2018,,
A,OJLT34419WO561890,,,,,
R,OJLT34419WO561890,,,,,
R,OJLT34419WO561890,,,,,
A,OJLT34419WO561890,,,,,
A,OJLT34419WO561890,,,,,
A,OJLT34419WO561890,,,,,
A,OJLT34419WO561890,,,,,
R,OJLT34419WO561890,,,,,
R,OJLT34419WO561890,,,,,
I,PLX10QKPIJM749491,XJ,Jaguar,2014,,
A,PLX10QKPIJM749491,,,,,
A,PLX10QKPIJM749491,,,,,
A,PLX10QKPIJM749491,,,,,
R,PLX10QKPIJM749491,,,,,
A,PLX10QKPIJM749491,,,,,
A,PLX10QKPIJM749491,,,,,
R,PLX10QKPIJM749491,,,,,
I,BVP46GYWZXB900275,A7,Audi,2019,,
A,BVP46GYWZXB900275,,,,,
A,BVP46GYWZXB900275,,,,,
R,BVP46GYWZXB900275,,,,,
I,JVL55QSEYCX720257,XT4,Cadillac,2016,,
R,JVL55QSEYCX720257,,,,,
R,JVL55QSEYCX720257,,,,,
R,JVL55QSEYCX720257,,,,,
A,JVL55QSEYCX720257,,,,,
A,JVL55QSEYCX720257,,,,,
A,JVL55QSEYCX720257,,,,,
R,JVL55QSEYCX720257,,,,,
A,JVL55QSEYCX720257,,,,,
R,JVL55QSEYCX720257,,,,,
I,RWTF81904XC249674,A7,Audi,2019,,
R,RWTF81904XC249674,,,,,
R,RWTF81904XC249674,,,,,
A,RWTF81904XC249674,,,,,
A,RWTF81904XC249674,,,,,
R,RWTF81904XC249674,,,,,
R,RWTF81904XC249674,,,,,
A,RWTF81904XC249674,,,,,
I,RHT06NESUXI728264,Optima,Kia,2019,,
R,RHT06NESUXI728264,,,,,
A,RHT06NESUXI728264,,,,,
I,DTTJ766IPUD898541,S60,Volvo,2019,,
A,DTTJ766IPUD898541,,,,,
A,DTTJ766IPUD898541,,,,,
A,DTTJ766IPUD898541,,,,,
A,DTTJ766IPUD898541,,,,,
I,FWUD340PSUP656015,Yaris,Toyota,2018,,
R,FWUD340PSUP656015,,,,,
A,FWUD340PSUP656015,,,,,
A,FWUD340PSUP656015,,,,,
A,FWUD340PSUP656015,,,,,
A,FWUD340PSUP656015,,,,,
R,FWUD340PSUP656015,,,,,
I,MQPS935OOHM291077,Bentayga,Bentley,2013,,
A,MQPS935OOHM291077,,,,,
I,MTO35KTWTFR986114,Beetle,Volkswagen,2014,,
A,MTO35KTWTFR986114,,,,,
R,MTO35KTWTFR986114,,,,,
R,MTO35KTWTFR986114,,,,,
A,MTO35KTWTFR986114,,,,,
A,MTO35KTWTFR986114,,,,,
I,QFAE144TKKL540915,XJ,Jaguar,2014,,
R,QFAE144TKKL540915,,,,,
A,QFAE144TKKL540915,,,,,
R,QFAE144TKKL540915,,,,,
R,QFAE144TKKL540915,,,,,
R,QFAE144TKKL540915,,,,,
A,QFAE144TKKL540915,,,,,
A,QFAE144TKKL540915,,,,,
R,QFAE144TKKL540915,,,,,
I,MKZ16KSDMGK388333,XJ,Jaguar,2014,,
R,MKZ16KSDMGK388333,,,,,
A,MKZ16KSDMGK388333,,,,,
R,MKZ16KSDMGK388333,,,,,
A,MKZ16KSDMGK388333,,,,,
A,MKZ16KSDMGK388333,,,,,
R,MKZ16KSDMGK388333,,,,,
I,OCEC171WTTT429639,Yaris,Toyota,2018,,
R,OCEC171WTTT429639,,,,,
A,OCEC171WTTT429639,,,,,
A,OCEC171WTTT429639,,,,,
A,OCEC171WTTT429639,,,,,
I,QOL06IMRUTL725265,XT4,Cadillac,2016,,
A,QOL06IMRUTL725265,,,,,
A,QOL06IMRUTL725265,,,,,
A,QOL06IMRUTL725265,,,,,
R,QOL06IMRUTL725265,,,,,
R,QOL06IMRUTL725265,,,,,
A,QOL06IMRUTL725265,,,,,
A,QOL06IMRUTL725265,,,,,
I,FMNH20982WJ089486,Beetle,Volkswagen,2014,,
R,FMNH20982WJ089486,,,,,
R,FMNH20982WJ089486,,,,,
A,FMNH20982WJ089486,,,,,
I,FYU14WQPVNS784414,Q8,Audi,2019,,
R,FYU14WQPVNS784414,,,,,
R,FYU14WQPVNS784414,,,,,
R,FYU14WQPVNS784414,,,,,
A,FYU14WQPVNS784414,,,,,
I,ZWQY378WCKT411065,Q8,Audi,2019,,
A,ZWQY378WCKT411065,,,,,
R,ZWQY378WCKT411065,,,,,
A,ZWQY378WCKT411065,,,,,
I,WWZ80WORLFF123574,Yukon XL,GMC,2016,,
A,WWZ80WORLFF123574,,,,,
R,WWZ80WORLFF123574,,,,,
R,WWZ80WORLFF123574,,,,,
A,WWZ80WORLFF123574,,,,,
A,WWZ80WORLFF123574,,,,,
A,WWZ80WORLFF123574,,,,,
R,WWZ80WORLFF123574,,,,,
I,TAH97XWFVLD818207,Z4,BMW,2019,,
A,TAH97XWFVLD818207,,,,,
A,TAH97XWFVLD818207,,,,,
R,TAH97XWFVLD818207,,,,,
R,TAH97XWFVLD818207,,,,,
A,TAH97XWFVLD818207,,,,,
R,TAH97XWFVLD818207,,,,,
I,YXOB353GLBH337687,S5,Audi,2012,,
R,YXOB353GLBH337687,,,,,
A,YXOB353GLBH337687,,,,,
A,YXOB353GLBH337687,,,,,
R,YXOB353GLBH337687,,,,,
R,YXOB353GLBH337687,,,,,
A,YXOB353GLBH337687,,,,,
A,YXOB353GLBH337687,,,,,
R,YXOB353GLBH337687,,,,,
I,YKUI633BQUI679202,Bentayga,Bentley,2013,,
A,YKUI633BQUI679202,,,,,
A,YKUI633BQUI679202,,,,,
R,YKUI633BQUI679202,,,,,
R,YKUI633BQUI679202,,,,,
A,YKUI633BQUI679202,,,,,
A,YKUI633BQUI679202,,,,,
R,YKUI633BQUI679202,,,,,
R,YKUI633BQUI679202,,,,,
I,UDD26THFDQQ842434,Optima,Kia,2019,,
A,UDD26THFDQQ842434,,,,,
A,UDD26THFDQQ842434,,,,,
A,UDD26THFDQQ842434,,,,,
R,UDD26THFDQQ842434,,,,,
R,UDD26THFDQQ842434,,,,,
I,KHIP059GZZA998176,S5,Audi,2012,,
R,KHIP059GZZA998176,,,,,
A,KHIP059GZZA998176,,,,,
R,KHIP059GZZA998176,,,,,
I,TMVU27496GK434450,Prius,Toyota,2019,,
A,TMVU27496GK434450,,,,,
A,TMVU27496GK434450,,,,,
A,TMVU27496GK434450,,,,,
A,TMVU27496GK434450,,,,,
A,TMVU27496GK434450,,,,,
A,TMVU27496GK434450,,,,,
A,TMVU27496GK434450,,,,,
R,TMVU27496GK434450,,,,,
R,TMVU27496GK434450,,,,,
I,KRI57CPENRS225906,S60,Volvo,2019,,
R,KRI57CPENRS225906,,,,,
A,KRI57CPENRS225906,,,,,
A,KRI57CPENRS225906,,,,,
R,KRI57CPENRS225906,,,,,
R,KRI57CPENRS225906,,,,,
R,KRI57CPENRS225906,,,,,
A,KRI57CPENRS225906,,,,,
I,WOMH63473KD884798,Beetle,Volkswagen,2014,,
R,WOMH63473KD884798,,,,,
R,WOMH63473KD884798,,,,,
I,GTGD440LAOQ635130,XT4,Cadillac,2016,,
R,GTGD440LAOQ635130,,,,,
I,NGET906ILEI885183,S60,Volvo,2019,,
A,NGET906ILEI885183,,,,,
A,NGET906ILEI885183,,,,,
R,NGET906ILEI885183,,,,,
R,NGET906ILEI885183,,,,,
I,IPLQ07853RD211230,A4,Audi,2017,,
A,IPLQ07853RD211230,,,,,
A,IPLQ07853RD211230,,,,,
A,IPLQ07853RD211230,,,,,
R,IPLQ07853RD211230,,,,,
R,IPLQ07853RD211230,,,,,
A,IPLQ07853RD211230,,,,,
A,IPLQ07853RD211230,,,,,
A,IPLQ07853RD211230,,,,,
I,ZMK54YKRUJR596294,Yukon XL,GMC,2016,,
A,ZMK54YKRUJR596294,,,,,
A,ZMK54YKRUJR596294,,,,,
R,ZMK54YKRUJR596294,,,,,
I,EGYQ39429TB389034,XT4,Cadillac,2016,,
A,EGYQ39429TB389034,,,,,
A,EGYQ39429TB389034,,,,,
A,EGYQ39429TB389034,,,,,
A,EGYQ39429TB389034,,,,,
A,EGYQ39429TB389034,,,,,
A,EGYQ39429TB389034,,,,,
A,EGYQ39429TB389034,,,,,
R,EGYQ39429TB389034,,,,,
A,EGYQ39429TB389034,,,,,
I,NZWE64596BR525695,Z4,BMW,2019,,
A,NZWE64596BR525695,,,,,
A,NZWE64596BR525695,,,,,
A,NZWE64596BR525695,,,,,
I,BTPC052OPRJ976080,Z4,BMW,2019,,
A,BTPC052OPRJ976080,,,,,
I,BGD36DLSMRD504689,XT4,Cadillac,2016,,
A,BGD36DLSMRD504689,,,,,
R,BGD36DLSMRD504689,,,,,
R,BGD36DLSMRD504689,,,,,
R,BGD36DLSMRD504689,,,,,
A,BGD36DLSMRD504689,,,,,
R,BGD36DLSMRD504689,,,,,
R,BGD36DLSMRD504689,,,,,
A,BGD36DLSMRD504689,,,,,
R,BGD36DLSMRD504689,,,,,
I,VHF22FOTJAD189766,Z4,BMW,2019,,
R,VHF22FOTJAD189766,,,,,
A,VHF22FOTJAD189766,,,,,
I,FAIV817HDQI988438,Q8,Audi,2019,,
R,FAIV817HDQI988438,,,,,
A,FAIV817HDQI988438,,,,,
R,FAIV817HDQI988438,,,,,
R,FAIV817HDQI988438,,,,,
R,FAIV817HDQI988438,,,,,
I,IETD48815BH296932,XJ,Jaguar,2014,,
R,IETD48815BH296932,,,,,
I,FVU55DMQQHT541326,QX30,INFINITI,2014,,
A,FVU55DMQQHT541326,,,,,
R,FVU55DMQQHT541326,,,,,
A,FVU55DMQQHT541326,,,,,
A,FVU55DMQQHT541326,,,,,
R,FVU55DMQQHT541326,,,,,
A,FVU55DMQQHT541326,,,,,
A,FVU55DMQQHT541326,,,,,
I,NUMZ66554PO299919,Prius,Toyota,2019,,
A,NUMZ66554PO299919,,,,,
R,NUMZ66554PO299919,,,,,
A,NUMZ66554PO299919,,,,,
A,NUMZ66554PO299919,,,,,
A,NUMZ66554PO299919,,,,,
A,NUMZ66554PO299919,,,,,
A,NUMZ66554PO299919,,,,,
A,NUMZ66554PO299919,,,,,
R,NUMZ66554PO299919,,,,,
I,HZL36GLAWFI920641,S60,Volvo,2019,,
A,HZL36GLAWFI920641,,,,,
R,HZL36GLAWFI920641,,,,,
A,HZL36GLAWFI920641,,,,,
I,JNZA55749GB709803,Bentayga,Bentley,2013,,
A,JNZA55749GB709803,,,,,
R,JNZA55749GB709803,,,,,
R,JNZA55749GB709803,,,,,
I,MKGP95565DQ434561,Beetle,Volkswagen,2014,,
A,MKGP95565DQ434561,,,,,
A,MKGP95565DQ434561,,,,,
R,MKGP95565DQ434561,,,,,
A,MKGP95565DQ434561,,,,,
A,MKGP95565DQ434561,,,,,
R,MKGP95565DQ434561,,,,,
R,MKGP95565DQ434561,,,,,
R,MKGP95565DQ434561,,,,,
A,MKGP95565DQ434561,,,,,
I,LFIM553NJGY527253,Optima,Kia,2019,,
A,LFIM553NJGY527253,,,,,
A,LFIM553NJGY527253,,,,,
R,LFIM553NJGY527253,,,,,
R,LFIM553NJGY527253,,,,,
A,LFIM553NJGY527253,,,,,
R,LFIM553NJGY527253,,,,,
A,LFIM553NJGY527253,,,,,
I,XMOH77423LD598244,Yukon XL,GMC,2016,,
A,XMOH77423LD598244,,,,,
A,XMOH77423LD598244,,,,,
R,XMOH77423LD598244,,,,,
A,XMOH77423LD598244,,,,,
A,XMOH77423LD598244,,,,,
A,XMOH77423LD598244,,,,,
R,XMOH77423LD598244,,,,,
I,VTUL71657TF229787,Z4,BMW,2019,,
A,VTUL71657TF229787,,,,,
R,VTUL71657TF229787,,,,,
A,VTUL71657TF229787,,,,,
A,VTUL71657TF229787,,,,,
A,VTUL71657TF229787,,,,,
R,VTUL71657TF229787,,,,,
R,VTUL71657TF229787,,,,,
R,VTUL71657TF229787,,,,,
I,YZQF337ELCJ386457,A7,Audi,2019,,
R,YZQF337ELCJ386457,,,,,
A,YZQF337ELCJ386457,,,,,
R,YZQF337ELCJ386457,,,,,
I,HVOZ49584TN378323,A4,Audi,2017,,
R,HVOZ49584TN378323,,,,,
R,HVOZ49584TN378323,,,,,
A,HVOZ49584TN378323,,,,,
R,HVOZ49584TN378323,,,,,
A,HVOZ49584TN378323,,,,,
R,HVOZ49584TN378323,,,,,
I,FWK56WVHNQV675528,XT4,Cadillac,2016,,
R,FWK56WVHNQV675528,,,,,
A,FWK56WVHNQV675528,,,,,
A,FWK56WVHNQV675528,,,,,
A,FWK56WVHNQV675528,,,,,
R,FWK56WVHNQV675528,,,,,
I,JME00DACJGE475124,XT4,Cadillac,2016,,
R,JME00DACJGE475124,,,,,
A,JME00DACJGE475124,,,,,
A,JME00DACJGE475124,,,,,
A,JME00DACJGE475124,,,,,
A,JME00DACJGE475124,,,,,
A,JME00DACJGE475124,,,,,
R,JME00DACJGE475124,,,,,
A,JME00DACJGE475124,,,,,
A,JME00DACJGE475124,,,,,
I,YYN64KDRVLM478417,Z4,BMW,2019,,
R,YYN64KDRVLM478417,,,,,
A,YYN64KDRVLM478417,,,,,
A,YYN64KDRVLM478417,,,,,
R,YYN64KDRVLM478417,,,,,
I,HUHW09781JU088541,Bentayga,Bentley,2013,,
A,HUHW09781JU088541,,,,,
A,HUHW09781JU088541,,,,,
R,HUHW09781JU088541,,,,,
R,HUHW09781JU088541,,,,,
R,HUHW09781JU088541,,,,,
A,HUHW09781JU088541,,,,,
A,HUHW09781JU088541,,,,,
R,HUHW09781JU088541,,,,,
R,HUHW09781JU088541,,,,,
I,ENP51UNJVPD676185,Prius,Toyota,2019,,
A,ENP51UNJVPD676185,,,,,
R,ENP51UNJVPD676185,,,,,
A,ENP51UNJVPD676185,,,,,
R,ENP51UNJVPD676185,,,,,
A,ENP51UNJVPD676185,,,,,
A,ENP51UNJVPD676185,,,,,
A,ENP51UNJVPD676185,,,,,
I,CGG60EKRMOR436294,XT4,Cadillac,2016,,
R,CGG60EKRMOR436294,,,,,
A,CGG60EKRMOR436294,,,,,
R,CGG60EKRMOR436294,,,,,
R,CGG60EKRMOR436294,,,,,
R,CGG60EKRMOR436294,,,,,
R,CGG60EKRMOR436294,,,,,
A,CGG60EKRMOR436294,,,,,
A,CGG60EKRMOR436294,,,,,
I,HPPE848GGQW666306,Prius,Toyota,2019,,
R,HPPE848GGQW666306,,,,,
R,HPPE848GGQW666306,,,,,
R,HPPE848GGQW666306,,,,,
R,HPPE848GGQW666306,,,,,
I,LWYE43810ED495133,A4,Audi,2017,,
R,LWYE43810ED495133,,,,,
A,LWYE43810ED495133,,,,,
A,LWYE43810ED495133,,,,,
A,LWYE43810ED495133,,,,,
R,LWYE43810ED495133,,,,,
A,LWYE43810ED495133,,,,,
I,AVHB84806TQ986850,XT4,Cadillac,2016,,
R,AVHB84806TQ986850,,,,,
A,AVHB84806TQ986850,,,,,
R,AVHB84806TQ986850,,,,,
A,AVHB84806TQ986850,,,,,
R,AVHB84806TQ986850,,,,,
I,LVA76NPSPMR120487,Bentayga,Bentley,2013,,
R,LVA76NPSPMR120487,,,,,
A,LVA76NPSPMR120487,,,,,
A,LVA76NPSPMR120487,,,,,
A,LVA76NPSPMR120487,,,,,
A,LVA76NPSPMR120487,,,,,
R,LVA76NPSPMR120487,,,,,
R,LVA76NPSPMR120487,,,,,
A,LVA76NPSPMR120487,,,,,
A,LVA76NPSPMR120487,,,,,
I,UFYO95264FX110637,QX30,INFINITI,2014,,
A,UFYO95264FX110637,,,,,
R,UFYO95264FX110637,,,,,
A,UFYO95264FX110637,,,,,
R,UFYO95264FX110637,,,,,
R,UFYO95264FX110637,,,,,
A,UFYO95264FX110637,,,,,
I,TZQW91251YG077199,Prius,Toyota,2019,,
R,TZQW91251YG077199,,,,,
A,TZQW91251YG077199,,,,,
A,TZQW91251YG077199,,,,,
R,TZQW91251YG077199,,,,,
A,TZQW91251YG077199,,,,,
A,TZQW91251YG077199,,,,,
I,ZYM00XNHNHN741863,Yukon XL,GMC,2016,,
A,ZYM00XNHNHN741863,,,,,
A,ZYM00XNHNHN741863,,,,,
A,ZYM00XNHNHN741863,,,,,
I,GEQ56CMGVZM790987,S60,Volvo,2019,,
R,GEQ56CMGVZM790987,,,,,
R,GEQ56CMGVZM790987,,,,,
A,GEQ56CMGVZM790987,,,,,
R,GEQ56CMGVZM790987,,,,,
R,GEQ56CMGVZM790987,,,,,
R,GEQ56CMGVZM790987,,,,,
A,GEQ56CMGVZM790987,,,,,
I,DZQD52589NE802289,A7,Audi,2019,,
R,DZQD52589NE802289,,,,,
R,DZQD52589NE802289,,,,,
A,DZQD52589NE802289,,,,,
A,DZQD52589NE802289,,,,,
A,DZQD52589NE802289,,,,,
R,DZQD52589NE802289,,,,,
R,DZQD52589NE802289,,,,,
I,UYX75XBTIFL878682,Optima,Kia,2019,,
A,UYX75XBTIFL878682,,,,,
R,UYX75XBTIFL878682,,,,,
A,UYX75XBTIFL878682,,,,,
A,UYX75XBTIFL878682,,,,,
A,UYX75XBTIFL878682,,,,,
R,UYX75XBTIFL878682,,,,,
A,UYX75XBTIFL878682,,,,,
R,UYX75XBTIFL878682,,,,,
A,UYX75XBTIFL878682,,,,,
I,KJPV08204SV180161,XT4,Cadillac,2016,,
R,KJPV08204SV180161,,,,,
A,KJPV08204SV180161,,,,,
R,KJPV08204SV180161,,,,,
I,KCXS177SZLL536240,QX30,INFINITI,2014,,
A,KCXS177SZLL536240,,,,,
A,KCXS177SZLL536240,,,,,
A,KCXS177SZLL536240,,,,,
R,KCXS177SZLL536240,,,,,
R,KCXS177SZLL536240,,,,,
R,KCXS177SZLL536240,,,,,
R,KCXS177SZLL536240,,,,,
A,KCXS177SZLL536240,,,,,
R,KCXS177SZLL536240,,,,,
I,FXWZ432DIEW120904,Beetle,Volkswagen,2014,,
A,FXWZ432DIEW120904,,,,,
A,FXWZ432DIEW120904,,,,,
A,FXWZ432DIEW120904,,,,,
R,FXWZ432DIEW120904,,,,,
A,FXWZ432DIEW120904,,,,,
R,FXWZ432DIEW120904,,,,,
R,FXWZ432DIEW120904,,,,,
I,GNV65MFOKPC141852,XJ,Jaguar,2014,,
A,GNV65MFOKPC141852,,,,,
A,GNV65MFOKPC141852,,,,,
A,GNV65MFOKPC141852,,,,,
I,EQF69NXIATV883896,Optima,Kia,2019,,
A,EQF69NXIATV883896,,,,,
R,EQF69NXIATV883896,,,,,
R,EQF69NXIATV883896,,,,,
I,USLG67735JN510682,S5,Audi,2012,,
A,USLG67735JN510682,,,,,
A,USLG67735JN510682,,,,,
R,USLG67735JN510682,,,,,
I,UHAQ33674PO525198,Yukon XL,GMC,2016,,
A,UHAQ33674PO525198,,,,,
R,UHAQ33674PO525198,,,,,
R,UHAQ33674PO525198,,,,,
R,UHAQ33674PO525198,,,,,
R,UHAQ33674PO525198,,,,,
R,UHAQ33674PO525198,,,,,
A,UHAQ33674PO525198,,,,,
A,UHAQ33674PO525198,,,,,
R,UHAQ33674PO525198,,,,,
I,RSE68PSCZXG280655,Bentayga,Bentley,2013,,
R,RSE68PSCZXG280655,,,,,
A,RSE68PSCZXG280655,,,,,
R,RSE68PSCZXG280655,,,,,
R,RSE68PSCZXG280655,,,,,
R,RSE68PSCZXG280655,,,,,
R,RSE68PSCZXG280655,,,,,
R,RSE68PSCZXG280655,,,,,
A,RSE68PSCZXG280655,,,,,
R,RSE68PSCZXG280655,,,,,
I,PZF59NWPNUO253385,Yukon XL,GMC,2016,,
R,PZF59NWPNUO253385,,,,,
R,PZF59NWPNUO253385,,,,,
R,PZF59NWPNUO253385,,,,,
A,PZF59NWPNUO253385,,,,,
R,PZF59NWPNUO253385,,,,,
A,PZF59NWPNUO253385,,,,,
I,TBQR27596PW676670,Prius,Toyota,2019,,
A,TBQR27596PW676670,,,,,
R,TBQR27596PW676670,,,,,
I,BGV30FLCXMM463829,Optima,Kia,2019,,
R,BGV30FLCXMM463829,,,,,
A,BGV30FLCXMM463829,,,,,
A,BGV30FLCXMM463829,,,,,
A,BGV30FLCXMM463829,,,,,
A,BGV30FLCXMM463829,,,,,
A,BGV30FLCXMM463829,,,,,
I,TGY97EKHCNA273141,A4,Audi,2017,,
A,TGY97EKHCNA273141,,,,,
R,TGY97EKHCNA273141,,,,,
R,TGY97EKHCNA273141,,,,,
R,TGY97EKHCNA273141,,,,,
A,TGY97EKHCNA273141,,,,,
A,TGY97EKHCNA273141,,,,,
R,TGY97EKHCNA273141,,,,,
R,TGY97EKHCNA273141,,,,,
I,PUXV107FKAQ911796,Yukon XL,GMC,2016,,
R,PUXV107FKAQ911796,,,,,
A,PUXV107FKAQ911796,,,,,
A,PUXV107FKAQ911796,,,,,
A,PUXV107FKAQ911796,,,,,
R,PUXV107FKAQ911796,,,,,
R,PUXV107FKAQ911796,,,,,
A,PUXV107FKAQ911796,,,,,
I,IKCY45810BN629330,S5,Audi,2012,,
A,IKCY45810BN629330,,,,,
A,IKCY45810BN629330,,,,,
A,IKCY45810BN629330,,,,,
R,IKCY45810BN629330,,,,,
R,IKCY45810BN629330,,,,,
A,IKCY45810BN629330,,,,,
A,IKCY45810BN629330,,,,,
A,IKCY45810BN629330,,,,,
A,IKCY45810BN629330,,,,,
I,QVDM360VXHF146617,Z4,BMW,2019,,
A,QVDM360VXHF146617,,,,,
I,KQCM507PKKK212820,QX30,INFINITI,2014,,
R,KQCM507PKKK212820,,,,,
A,KQCM507PKKK212820,,,,,
A,KQCM507PKKK212820,,,,,
A,KQCM507PKKK212820,,,,,
I,JLCU908QVFR517373,XJ,Jaguar,2014,,
R,JLCU908QVFR517373,,,,,
R,JLCU908QVFR517373,,,,,
A,JLCU908QVFR517373,,,,,
R,JLCU908QVFR517373,,,,,
R,JLCU908QVFR517373,,,,,
R,JLCU908QVFR517373,,,,,
A,JLCU908QVFR517373,,,,,
R,JLCU908QVFR517373,,,,,
I,NMBE669GYEC110482,XT4,Cadillac,2016,,
R,NMBE669GYEC110482,,,,,
R,NMBE669GYEC110482,,,,,
A,NMBE669GYEC110482,,,,,
R,NMBE669GYEC110482,,,,,
A,NMBE669GYEC110482,,,,,
A,NMBE669GYEC110482,,,,,
R,NMBE669GYEC110482,,,,,
R,NMBE669GYEC110482,,,,,
I,EYMO726VYVB059175,Beetle,Volkswagen,2014,,
A,EYMO726VYVB059175,,,,,
A,EYMO726VYVB059175,,,,,
R,EYMO726VYVB059175,,,,,
A,EYMO726VYVB059175,,,,,
A,EYMO726VYVB059175,,,,,
A,EYMO726VYVB059175,,,,,
R,EYMO726VYVB059175,,,,,
R,EYMO726VYVB059175,,,,,
I,QFS01MUAFVO238085,Beetle,Volkswagen,2014,,
R,QFS01MUAFVO238085,,,,,
R,QFS01MUAFVO238085,,,,,
R,QFS01MUAFVO238085,,,,,
I,OZZ36PSUSVP670636,XJ,Jaguar,2014,,
R,OZZ36PSUSVP670636,,,,,
A,OZZ36PSUSVP670636,,,,,
A,OZZ36PSUSVP670636,,,,,
A,OZZ36PSUSVP670636,,,,,
R,OZZ36PSUSVP670636,,,,,
I,AAJR285CKIV878572,QX30,INFINITI,2014,,
A,AAJR285CKIV878572,,,,,
R,AAJR285CKIV878572,,,,,
A,AAJR285CKIV878572,,,,,
R,AAJR285CKIV878572,,,,,
I,QZZ89IZUYZB274984,Q8,Audi,2019,,
R,QZZ89IZUYZB274984,,,,,
R,QZZ89IZUYZB274984,,,,,
R,QZZ89IZUYZB274984,,,,,
I,QIG99DUSFYK431856,Prius,Toyota,2019,,
A,QIG99DUSFYK431856,,,,,
R,QIG99DUSFYK431856,,,,,
R,QIG99DUSFYK431856,,,,,
A,QIG99DUSFYK431856,,,,,
A,QIG99DUSFYK431856,,,,,
A,QIG99DUSFYK431856,,,,,
A,QIG99DUSFYK431856,,,,,
I,DATV10097ZR677188,Yukon XL,GMC,2016,,
A,DATV10097ZR677188,,,,,
A,DATV10097ZR677188,,,,,
A,DATV10097ZR677188,,,,,
R,DATV10097ZR677188,,,,,
R,DATV10097ZR677188,,,,,
A,DATV10097ZR677188,,,,,
A,DATV10097ZR677188,,,,,
I,KTEA223NFED723109,S5,Audi,2012,,
A,KTEA223NFED723109,,,,,
R,KTEA223NFED723109,,,,,
I,QOBG97944AA591959,S5,Audi,2012,,
A,QOBG97944AA591959,,,,,
A,QOBG97944AA591959,,,,,
I,YEIM72074XA911496,Beetle,Volkswagen,2014,,
A,YEIM72074XA911496,,,,,
A,YEIM72074XA911496,,,,,
A,YEIM72074XA911496,,,,,
A,YEIM72074XA911496,,,,,
A,YEIM72074XA911496,,,,,
R,YEIM72074XA911496,,,,,
R,YEIM72074XA911496,,,,,
R,YEIM72074XA911496,,,,,
I,EVS71KAHWHI482725,XT4,Cadillac,2016,,
R,EVS71KAHWHI482725,,,,,
A,EVS71KAHWHI482725,,,,,
A,EVS71KAHWHI482725,,,,,
R,EVS71KAHWHI482725,,,,,
A,EVS71KAHWHI482725,,,,,
R,EVS71KAHWHI482725,,,,,
I,EMJ05GRFVXE304050,Q8,Audi,2019,,
R,EMJ05GRFVXE304050,,,,,
R,EMJ05GRFVXE304050,,,,,
A,EMJ05GRFVXE304050,,,,,
R,EMJ05GRFVXE304050,,,,,
R,EMJ05GRFVXE304050,,,,,
R,EMJ05GRFVXE304050,,,,,
A,EMJ05GRFVXE304050,,,,,
R,EMJ05GRFVXE304050,,,,,
I,QXOD52277TI121775,S5,Audi,2012,,
A,QXOD52277TI121775,,,,,
R,QXOD52277TI121775,,,,,
R,QXOD52277TI121775,,,,,
A,QXOD52277TI121775,,,,,
I,FTU44ABTOIW396218,Optima,Kia,2019,,
A,FTU44ABTOIW396218,,,,,
I,FCJW700CMMA065866,Prius,Toyota,2019,,
A,FCJW700CMMA065866,,,,,
I,QCH04LQTJON807551,XJ,Jaguar,2014,,
R,QCH04LQTJON807551,,,,,
A,QCH04LQTJON807551,,,,,
R,QCH04LQTJON807551,,,,,
R,QCH04LQTJON807551,,,,,
R,QCH04LQTJON807551,,,,,
I,FKAK941SHOW223747,XJ,Jaguar,2014,,
A,FKAK941SHOW223747,,,,,
R,FKAK941SHOW223747,,,,,
R,FKAK941SHOW223747,,,,,
R,FKAK941SHOW223747,,,,,
R,FKAK941SHOW223747,,,,,
R,FKAK941SHOW223747,,,,,
A,FKAK941SHOW223747,,,,,
I,RXAV58213PM117591,Q8,Audi,2019,,
A,RXAV58213PM117591,,,,,
A,RXAV58213PM117591,,,,,
A,RXAV58213PM117591,,,,,
R,RXAV58213PM117591,,,,,
A,RXAV58213PM117591,,,,,
I,IVCK08636BF368500,Prius,Toyota,2019,,
R,IVCK08636BF368500,,,,,
R,IVCK08636BF368500,,,,,
I,MCX94DDFUOB730272,A7,Audi,2019,,
R,MCX94DDFUOB730272,,,,,
A,MCX94DDFUOB730272,,,,,
A,MCX94DDFUOB730272,,,,,
A,MCX94DDFUOB730272,,,,,
A,MCX94DDFUOB730272,,,,,
I,PFS58CQRREO429710,Yukon XL,GMC,2016,,
A,PFS58CQRREO429710,,,,,
I,YZHV948PTAX136957,Prius,Toyota,2019,,
A,YZHV948PTAX136957,,,,,
R,YZHV948PTAX136957,,,,,
A,YZHV948PTAX136957,,,,,
A,YZHV948PTAX136957,,,,,
I,CUT69IRZBJT609610,Optima,Kia,2019,,
R,CUT69IRZBJT609610,,,,,
R,CUT69IRZBJT609610,,,,,
A,CUT69IRZBJT609610,,,,,
A,CUT69IRZBJT609610,,,,,
A,CUT69IRZBJT609610,,,,,
R,CUT69IRZBJT609610,,,,,
A,CUT69IRZBJT609610,,,,,
R,CUT69IRZBJT609610,,,,,
A,CUT69IRZBJT609610,,,,,
I,KZYS05131FK358100,Yaris,Toyota,2018,,
A,KZYS05131FK358100,,,,,
R,KZYS05131FK358100,,,,,
R,KZYS05131FK358100,,,,,
R,KZYS05131FK358100,,,,,
I,BZXZ503JTVS065020,Optima,Kia,2019,,
A,BZXZ503JTVS065020,,,,,
R,BZXZ503JTVS065020,,,,,
R,BZXZ503JTVS065020,,,,,
I,QNNW18859KC267847,A7,Audi,2019,,
R,QNNW18859KC267847,,,,,
A,QNNW18859KC267847,,,,,
A,QNNW18859KC267847,,,,,
A,QNNW18859KC267847,,,,,
A,QNNW18859KC267847,,,,,
A,QNNW18859KC267847,,,,,
A,QNNW18859KC267847,,,,,
A,QNNW18859KC267847,,,,,
I,NYWH51945HG700929,Yukon XL,GMC,2016,,
R,NYWH51945HG700929,,,,,
I,OKPJ652YCWK834422,Yukon XL,GMC,2016,,
R,OKPJ652YCWK834422,,,,,
A,OKPJ652YCWK834422,,,,,
R,OKPJ652YCWK834422,,,,,
R,OKPJ652YCWK834422,,,,,
A,OKPJ652YCWK834422,,,,,
I,FKDK330EIVW847840,Prius,Toyota,2019,,
A,FKDK330EIVW847840,,,,,
R,FKDK330EIVW847840,,,,,
I,TMK26LQVLXG123186,Optima,Kia,2019,,
A,TMK26LQVLXG123186,,,,,
A,TMK26LQVLXG123186,,,,,
I,FLYC932RWFA335909,S60,Volvo,2019,,
A,FLYC932RWFA335909,,,,,
R,FLYC932RWFA335909,,,,,
A,FLYC932RWFA335909,,,,,
A,FLYC932RWFA335909,,,,,
A,FLYC932RWFA335909,,,,,
R,FLYC932RWFA335909,,,,,
A,FLYC932RWFA335909,,,,,
A,FLYC932RWFA335909,,,,,
R,FLYC932RWFA335909,,,,,
I,FWWT14865FK394841,Z4,BMW,2019,,
R,FWWT14865FK394841,,,,,
A,FWWT14865FK394841,,,,,
R,FWWT14865FK394841,,,,,
A,FWWT14865FK394841,,,,,
A,FWWT14865FK394841,,,,,
A,FWWT14865FK394841,,,,,
R,FWWT14865FK394841,,,,,
A,FWWT14865FK394841,,,,,
A,FWWT14865FK394841,,,,,
I,VDTX845XKCT720635,A7,Audi,2019,,
R,VDTX845XKCT720635,,,,,
A,VDTX845XKCT720635,,,,,
A,VDTX845XKCT720635,,,,,
R,VDTX845XKCT720635,,,,,
I,UWCC11063FJ775415,Bentayga,Bentley,2013,,
R,UWCC11063FJ775415,,,,,
A,UWCC11063FJ775415,,,,,
A,UWCC11063FJ775415,,,,,
R,UWCC11063FJ775415,,,,,
R,UWCC11063FJ775415,,,,,
A,UWCC11063FJ775415,,,,,
I,TQK82RZYYDK432484,QX30,INFINITI,2014,,
R,TQK82RZYYDK432484,,,,,
R,TQK82RZYYDK432484,,,,,
I,TFN02HHDGBK219388,XJ,Jaguar,2014,,
A,TFN02HHDGBK219388,,,,,
R,TFN02HHDGBK219388,,,,,
I,CQHC14274DL970595,Z4,BMW,2019,,
A,CQHC14274DL970595,,,,,
A,CQHC14274DL970595,,,,,
A,CQHC14274DL970595,,,,,
R,CQHC14274DL970595,,,,,
R,CQHC14274DL970595,,,,,
A,CQHC14274DL970595,,,,,
R,CQHC14274DL970595,,,,,
R,CQHC14274DL970595,,,,,
I,RIGV044WUBW331024,QX30,INFINITI,2014,,
A,RIGV044WUBW331024,,,,,
I,AEAN118PWOV986436,Beetle,Volkswagen,2014,,
R,AEAN118PWOV986436,,,,,
A,AEAN118PWOV986436,,,,,
A,AEAN118PWOV986436,,,,,
I,DFV56GBCWCC011073,A7,Audi,2019,,
A,DFV56GBCWCC011073,,,,,
A,DFV56GBCWCC011073,,,,,
R,DFV56GBCWCC011073,,,,,
A,DFV56GBCWCC011073,,,,,
A,DFV56GBCWCC011073,,,,,
A,DFV56GBCWCC011073,,,,,
A,DFV56GBCWCC011073,,,,,
I,QPNM569MFPE600274,XT4,Cadillac,2016,,
R,QPNM569MFPE600274,,,,,
A,QPNM569MFPE600274,,,,,
A,QPNM569MFPE600274,,,,,
A,QPNM569MFPE600274,,,,,
R,QPNM569MFPE600274,,,,,
I,FLEP00230FQ947953,Z4,BMW,2019,,
R,FLEP00230FQ947953,,,,,
R,FLEP00230FQ947953,,,,,
I,TWIT461ZTOJ409243,Z4,BMW,2019,,
A,TWIT461ZTOJ409243,,,,,
R,TWIT461ZTOJ409243,,,,,
R,TWIT461ZTOJ409243,,,,,
I,KNQB56374NV077699,Q8,Audi,2019,,
A,KNQB56374NV077699,,,,,
A,KNQB56374NV077699,,,,,
A,KNQB56374NV077699,,,,,
A,KNQB56374NV077699,,,,,
I,LRX28XEGWOU613573,Bentayga,Bentley,2013,,
A,LRX28XEGWOU613573,,,,,
A,LRX28XEGWOU613573,,,,,
A,LRX28XEGWOU613573,,,,,
R,LRX28XEGWOU613573,,,,,
R,LRX28XEGWOU613573,,,,,
A,LRX28XEGWOU613573,,,,,
R,LRX28XEGWOU613573,,,,,
R,LRX28XEGWOU613573,,,,,
A,LRX28XEGWOU613573,,,,,
I,SDTF184DKGM139543,Prius,Toyota,2019,,
A,SDTF184DKGM139543,,,,,
R,SDTF184DKGM139543,,,,,
I,APTA48899BQ652265,S5,Audi,2012,,
A,APTA48899BQ652265,,,,,
A,APTA48899BQ652265,,,,,
R,APTA48899BQ652265,,,,,
R,APTA48899BQ652265,,,,,
R,APTA48899BQ652265,,,,,
A,APTA48899BQ652265,,,,,
A,APTA48899BQ652265,,,,,
R,APTA48899BQ652265,,,,,
I,ASI82THYCTE349875,XT4,Cadillac,2016,,
A,ASI82THYCTE349875,,,,,
R,ASI82THYCTE349875,,,,,
I,JWCY753CHOU078446,S5,Audi,2012,,
A,JWCY753CHOU078446,,,,,
I,CFJT165JWXW824298,XJ,Jaguar,2014,,
R,CFJT165JWXW824298,,,,,
A,CFJT165JWXW824298,,,,,
A,CFJT165JWXW824298,,,,,
A,CFJT165JWXW824298,,,,,
R,CFJT165JWXW824298,,,,,
R,CFJT165JWXW824298,,,,,
A,CFJT165JWXW824298,,,,,
R,CFJT165JWXW824298,,,,,
A,CFJT165JWXW824298,,,,,
I,CGJU477LOAQ501129,S5,Audi,2012,,
R,CGJU477LOAQ501129,,,,,
R,CGJU477LOAQ501129,,,,,
R,CGJU477LOAQ501129,,,,,
R,CGJU477LOAQ501129,,,,,
A,CGJU477LOAQ501129,,,,,
A,CGJU477LOAQ501129,,,,,
A,CGJU477LOAQ501129,,,,,
I,APCE08889IR506412,S60,Volvo,2019,,
A,APCE08889IR506412,,,,,
R,APCE08889IR506412,,,,,
R,APCE08889IR506412,,,,,
A,APCE08889IR506412,,,,,
A,APCE08889IR506412,,,,,
R,APCE08889IR506412,,,,,
A,APCE08889IR506412,,,,,
I,LOSZ155KSUF209282,Prius,Toyota,2019,,
R,LOSZ155KSUF209282,,,,,
A,LOSZ155KSUF209282,,,,,
A,LOSZ155KSUF209282,,,,,
R,LOSZ155KSUF209282,,,,,
A,LOSZ155KSUF209282,,,,,
A,LOSZ155KSUF209282,,,,,
A,LOSZ155KSUF209282,,,,,
A,LOSZ155KSUF209282,,,,,
I,CSPN028WBTM850915,Q8,Audi,2019,,
R,CSPN028WBTM850915,,,,,
A,CSPN028WBTM850915,,,,,
A,CSPN028WBTM850915,,,,,
I,JXH41ERPVTS685848,Yaris,Toyota,2018,,
R,JXH41ERPVTS685848,,,,,
R,JXH41ERPVTS685848,,,,,
A,JXH41ERPVTS685848,,,,,
R,JXH41ERPVTS685848,,,,,
A,JXH41ERPVTS685848,,,,,
A,JXH41ERPVTS685848,,,,,
I,QZSZ239SEYP608952,XJ,Jaguar,2014,,
R,QZSZ239SEYP608952,,,,,
R,QZSZ239SEYP608952,,,,,
R,QZSZ239SEYP608952,,,,,
R,QZSZ239SEYP608952,,,,,
R,QZSZ239SEYP608952,,,,,
I,YTNZ50677FY016993,Z4,BMW,2019,,
R,YTNZ50677FY016993,,,,,
A,YTNZ50677FY016993,,,,,
A,YTNZ50677FY016993,,,,,
I,VLAL903ERSS893481,Prius,Toyota,2019,,
R,VLAL903ERSS893481,,,,,
R,VLAL903ERSS893481,,,,,
A,VLAL903ERSS893481,,,,,
A,VLAL903ERSS893481,,,,,
A,VLAL903ERSS893481,,,,,
R,VLAL903ERSS893481,,,,,
A,VLAL903ERSS893481,,,,,
I,BCZ23QGPHWR010628,Beetle,Volkswagen,2014,,
A,BCZ23QGPHWR010628,,,,,
R,BCZ23QGPHWR010628,,,,,
R,BCZ23QGPHWR010628,,,,,
I,EIEV969GLCX630091,Beetle,Volkswagen,2014,,
A,EIEV969GLCX630091,,,,,
A,EIEV969GLCX630091,,,,,
I,AKHX27907CM712795,Q8,Audi,2019,,
R,AKHX27907CM712795,,,,,
A,AKHX27907CM712795,,,,,
R,AKHX27907CM712795,,,,,
R,AKHX27907CM712795,,,,,
R,AKHX27907CM712795,,,,,
R,AKHX27907CM712795,,,,,
A,AKHX27907CM712795,,,,,
A,AKHX27907CM712795,,,,,
A,AKHX27907CM712795,,,,,
I,IIWY56470BO379126,QX30,INFINITI,2014,,
R,IIWY56470BO379126,,,,,
A,IIWY56470BO379126,,,,,
R,IIWY56470BO379126,,,,,
R,IIWY56470BO379126,,,,,
R,IIWY56470BO379126,,,,,
A,IIWY56470BO379126,,,,,
I,LLEP91199TL601813,Optima,Kia,2019,,
A,LLEP91199TL601813,,,,,
R,LLEP91199TL601813,,,,,
A,LLEP91199TL601813,,,,,
R,LLEP91199TL601813,,,,,
I,TFNG514LTGI595311,XJ,Jaguar,2014,,
R,TFNG514LTGI595311,,,,,
R,TFNG514LTGI595311,,,,,
R,TFNG514LTGI595311,,,,,
R,TFNG514LTGI595311,,,,,
I,WCYG535JDJH216445,S5,Audi,2012,,
A,WCYG535JDJH216445,,,,,
A,WCYG535JDJH216445,,,,,
A,WCYG535JDJH216445,,,,,
A,WCYG535JDJH216445,,,,,
R,WCYG535JDJH216445,,,,,
A,WCYG535JDJH216445,,,,,
A,WCYG535JDJH216445,,,,,
A,WCYG535JDJH216445,,,,,
A,WCYG535JDJH216445,,,,,
I,HEOY695ISQQ998875,Prius,Toyota,2019,,
A,HEOY695ISQQ998875,,,,,
R,HEOY695ISQQ998875,,,,,
A,HEOY695ISQQ998875,,,,,
R,HEOY695ISQQ998875,,,,,
I,OCI25YWYITJ859963,S60,Volvo,2019,,
A,OCI25YWYITJ859963,,,,,
R,OCI25YWYITJ859963,,,,,
A,OCI25YWYITJ859963,,,,,
A,OCI25YWYITJ859963,,,,,
I,REDT14631HP424411,Beetle,Volkswagen,2014,,
R,REDT14631HP424411,,,,,
A,REDT14631HP424411,,,,,
A,REDT14631HP424411,,,,,
A,REDT14631HP424411,,,,,
A,REDT14631HP424411,,,,,
A,REDT14631HP424411,,,,,
R,REDT14631HP424411,,,,,
A,REDT14631HP424411,,,,,
A,REDT14631HP424411,,,,,
I,UOV62PSYSHP992522,A7,Audi,2019,,
R,UOV62PSYSHP992522,,,,,
A,UOV62PSYSHP992522,,,,,
I,ZOY57YJKQSU791815,A7,Audi,2019,,
A,ZOY57YJKQSU791815,,,,,
R,ZOY57YJKQSU791815,,,,,
A,ZOY57YJKQSU791815,,,,,
A,ZOY57YJKQSU791815,,,,,
A,ZOY57YJKQSU791815,,,,,
R,ZOY57YJKQSU791815,,,,,
R,ZOY57YJKQSU791815,,,,,
A,ZOY57YJKQSU791815,,,,,
R,ZOY57YJKQSU791815,,,,,
I,GENH73526ZN404098,XT4,Cadillac,2016,,
A,GENH73526ZN404098,,,,,
R,GENH73526ZN404098,,,,,
R,GENH73526ZN404098,,,,,
R,GENH73526ZN404098,,,,,
A,GENH73526ZN404098,,,,,
R,GENH73526ZN404098,,,,,
A,GENH73526ZN404098,,,,,
A,GENH73526ZN404098,,,,,
R,GENH73526ZN404098,,,,,
I,BWIV16261PV513557,A7,Audi,2019,,
R,BWIV16261PV513557,,,,,
R,BWIV16261PV513557,,,,,
A,BWIV16261PV513557,,,,,
A,BWIV16261PV513557,,,,,
R,BWIV16261PV513557,,,,,
R,BWIV16261PV513557,,,,,
A,BWIV16261PV513557,,,,,
R,BWIV16261PV513557,,,,,
I,GVJ72BETMTF339054,A4,Audi,2017,,
A,GVJ72BETMTF339054,,,,,
R,GVJ72BETMTF339054,,,,,
R,GVJ72BETMTF339054,,,,,
A,GVJ72BETMTF339054,,,,,
R,GVJ72BETMTF339054,,,,,
I,FKIS31936EM157241,Yukon XL,GMC,2016,,
R,FKIS31936EM157241,,,,,
A,FKIS31936EM157241,,,,,
R,FKIS31936EM157241,,,,,
A,FKIS31936EM157241,,,,,
A,FKIS31936EM157241,,,,,
R,FKIS31936EM157241,,,,,
R,FKIS31936EM157241,,,,,
I,WNJW378CIVF928448,A4,Audi,2017,,
R,WNJW378CIVF928448,,,,,
I,RYRK82523IN210960,Q8,Audi,2019,,
A,RYRK82523IN210960,,,,,
A,RYRK82523IN210960,,,,,
I,RAAC037CIRJ989167,Yaris,Toyota,2018,,
A,RAAC037CIRJ989167,,,,,
A,RAAC037CIRJ989167,,,,,
A,RAAC037CIRJ989167,,,,,
I,IORH595QGMK861640,Yukon XL,GMC,2016,,
R,IORH595QGMK861640,,,,,
A,IORH595QGMK861640,,,,,
R,IORH595QGMK861640,,,,,
R,IORH595QGMK861640,,,,,
R,IORH595QGMK861640,,,,,
A,IORH595QGMK861640,,,,,
A,IORH595QGMK861640,,,,,
I,ZXJ41ILBERG975912,Yukon XL,GMC,2016,,
R,ZXJ41ILBERG975912,,,,,
R,ZXJ41ILBERG975912,,,,,
R,ZXJ41ILBERG975912,,,,,
R,ZXJ41ILBERG975912,,,,,
R,ZXJ41ILBERG975912,,,,,
I,ADB47REXQBT076121,Z4,BMW,2019,,
A,ADB47REXQBT076121,,,,,
R,ADB47REXQBT076121,,,,,
R,ADB47REXQBT076121,,,,,
A,ADB47REXQBT076121,,,,,
A,ADB47REXQBT076121,,,,,
I,JEQ11XUJHAN580708,Yaris,Toyota,2018,,
A,JEQ11XUJHAN580708,,,,,
R,JEQ11XUJHAN580708,,,,,
R,JEQ11XUJHAN580708,,,,,
A,JEQ11XUJHAN580708,,,,,
A,JEQ11XUJHAN580708,,,,,
R,JEQ11XUJHAN580708,,,,,
A,JEQ11XUJHAN580708,,,,,
R,JEQ11XUJHAN580708,,,,,
R,JEQ11XUJHAN580708,,,,,
I,OLVJ711RWGF693309,Yukon XL,GMC,2016,,
A,OLVJ711RWGF693309,,,,,
I,LQZX86841MV291878,Q8,Audi,2019,,
A,LQZX86841MV291878,,,,,
R,LQZX86841MV291878,,,,,
A,LQZX86841MV291878,,,,,
R,LQZX86841MV291878,,,,,
A,LQZX86841MV291878,,,,,
I,ONS62KEWULD675668,Beetle,Volkswagen,2014,,
A,ONS62KEWULD675668,,,,,
R,ONS62KEWULD675668,,,,,
A,ONS62KEWULD675668,,,,,
I,ZPCL84356MD292063,Yukon XL,GMC,2016,,
A,ZPCL84356MD292063,,,,,
R,ZPCL84356MD292063,,,,,
R,ZPCL84356MD292063,,,,,
R,ZPCL84356MD292063,,,,,
R,ZPCL84356MD292063,,,,,
R,ZPCL84356MD292063,,,,,
A,ZPCL84356MD292063,,,,,
A,ZPCL84356MD292063,,,,,
A,ZPCL84356MD292063,,,,,
I,BJQQ56626GP259332,S60,Volvo,2019,,
A,BJQQ56626GP259332,,,,,
A,BJQQ56626GP259332,,,,,
R,BJQQ56626GP259332,,,,,
A,BJQQ56626GP259332,,,,,
I,QREP81456LH537387,A4,Audi,2017,,
A,QREP81456LH537387,,,,,
A,QREP81456LH537387,,,,,
A,QREP81456LH537387,,,,,
A,QREP81456LH537387,,,,,
A,QREP81456LH537387,,,,,
A,QREP81456LH537387,,,,,
A,QREP81456LH537387,,,,,
R,QREP81456LH537387,,,,,
I,EZN76YARXDQ853133,XT4,Cadillac,2016,,
A,EZN76YARXDQ853133,,,,,
A,EZN76YARXDQ853133,,,,,
A,EZN76YARXDQ853133,,,,,
R,EZN76YARXDQ853133,,,,,
A,EZN76YARXDQ853133,,,,,
R,EZN76YARXDQ853133,,,,,
R,EZN76YARXDQ853133,,,,,
A,EZN76YARXDQ853133,,,,,
I,JVMS156AZFE530689,XJ,Jaguar,2014,,
R,JVMS156AZFE530689,,,,,
A,JVMS156AZFE530689,,,,,
R,JVMS156AZFE530689,,,,,
R,JVMS156AZFE530689,,,,,
A,JVMS156AZFE530689,,,,,
R,JVMS156AZFE530689,,,,,
I,WOJI388EXPW456244,Optima,Kia,2019,,
A,WOJI388EXPW456244,,,,,
I,IHO54VEIQOH165601,Bentayga,Bentley,2013,,
A,IHO54VEIQOH165601,,,,,
R,IHO54VEIQOH165601,,,,,
A,IHO54VEIQOH165601,,,,,
A,IHO54VEIQOH165601,,,,,
A,IHO54VEIQOH165601,,,,,
R,IHO54VEIQOH165601,,,,,
A,IHO54VEIQOH165601,,,,,
R,IHO54VEIQOH165601,,,,,
A,IHO54VEIQOH165601,,,,,
I,DPWU831OEFK717957,S5,Audi,2012,,
R,DPWU831OEFK717957,,,,,
I,XXUF00665OC949737,A7,Audi,2019,,
R,XXUF00665OC949737,,,,,
A,XXUF00665OC949737,,,,,
R,XXUF00665OC949737,,,,,
R,XXUF00665OC949737,,,,,
A,XXUF00665OC949737,,,,,
R,XXUF00665OC949737,,,,,
R,XXUF00665OC949737,,,,,
A,XXUF00665OC949737,,,,,
I,PHWK13906RG030231,XT4,Cadillac,2016,,
A,PHWK13906RG030231,,,,,
I,ICJ30VLCPQA114544,S60,Volvo,2019,,
R,ICJ30VLCPQA114544,,,,,
I,OWDL726AQKN800853,Yaris,Toyota,2018,,
R,OWDL726AQKN800853,,,,,
R,OWDL726AQKN800853,,,,,
A,OWDL726AQKN800853,,,,,
A,OWDL726AQKN800853,,,,,
R,OWDL726AQKN800853,,,,,
A,OWDL726AQKN800853,,,,,
I,NXOT876YVOV196870,Prius,Toyota,2019,,
R,NXOT876YVOV196870,,,,,
R,NXOT876YVOV196870,,,,,
A,NXOT876YVOV196870,,,,,
R,NXOT876YVOV196870,,,,,
A,NXOT876YVOV196870,,,,,
I,DOZ51FBABCS765614,S60,Volvo,2019,,
R,DOZ51FBABCS765614,,,,,
A,DOZ51FBABCS765614,,,,,
R,DOZ51FBABCS765614,,,,,
A,DOZ51FBABCS765614,,,,,
A,DOZ51FBABCS765614,,,,,
I,MLTL38707PP735415,Yukon XL,GMC,2016,,
A,MLTL38707PP735415,,,,,
A,MLTL38707PP735415,,,,,
A,MLTL38707PP735415,,,,,
A,MLTL38707PP735415,,,,,
I,HKQB270JEUE206762,QX30,INFINITI,2014,,
A,HKQB270JEUE206762,,,,,
I,GIT51USUDWY016977,A7,Audi,2019,,
R,GIT51USUDWY016977,,,,,
R,GIT51USUDWY016977,,,,,
A,GIT51USUDWY016977,,,,,
R,GIT51USUDWY016977,,,,,
R,GIT51USUDWY016977,,,,,
I,ZNI84KCJUBF291601,QX30,INFINITI,2014,,
R,ZNI84KCJUBF291601,,,,,
A,ZNI84KCJUBF291601,,,,,
R,ZNI84KCJUBF291601,,,,,
I,GMV96CZFIEX138070,Prius,Toyota,2019,,
R,GMV96CZFIEX138070,,,,,
R,GMV96CZFIEX138070,,,,,
R,GMV96CZFIEX138070,,,,,
I,QARU99764JB698120,Z4,BMW,2019,,
A,QARU99764JB698120,,,,,
I,IRH32QJSCSF146445,Prius,Toyota,2019,,
R,IRH32QJSCSF146445,,,,,
R,IRH32QJSCSF146445,,,,,
R,IRH32QJSCSF146445,,,,,
A,IRH32QJSCSF146445,,,,,
R,IRH32QJSCSF146445,,,,,
R,IRH32QJSCSF146445,,,,,
A,IRH32QJSCSF146445,,,,,
A,IRH32QJSCSF146445,,,,,
R,IRH32QJSCSF146445,,,,,
I,EVC58JQICDC804773,QX30,INFINITI,2014,,
R,EVC58JQICDC804773,,,,,
A,EVC58JQICDC804773,,,,,
R,EVC58JQICDC804773,,,,,
R,EVC58JQICDC804773,,,,,
A,EVC58JQICDC804773,,,,,
A,EVC58JQICDC804773,,,,,
R,EVC58JQICDC804773,,,,,
R,EVC58JQICDC804773,,,,,
R,EVC58JQICDC804773,,,,,
I,QFDE558XLSJ812984,XT4,Cadillac,2016,,
R,QFDE558XLSJ812984,,,,,
A,QFDE558XLSJ812984,,,,,
R,QFDE558XLSJ812984,,,,,
R,QFDE558XLSJ812984,,,,,
I,VQU35YTLQHA757506,S60,Volvo,2019,,
A,VQU35YTLQHA757506,,,,,
R,VQU35YTLQHA757506,,,,,
R,VQU35YTLQHA757506,,,,,
A,VQU35YTLQHA757506,,,,,
A,VQU35YTLQHA757506,,,,,
R,VQU35YTLQHA757506,,,,,
R,VQU35YTLQHA757506,,,,,
R,VQU35YTLQHA757506,,,,,
I,MASV76210HQ939049,Optima,Kia,2019,,
R,MASV76210HQ939049,,,,,
R,MASV76210HQ939049,,,,,
A,MASV76210HQ939049,,,,,
R,MASV76210HQ939049,,,,,
A,MASV76210HQ939049,,,,,
A,MASV76210HQ939049,,,,,
A,MASV76210HQ939049,,,,,
A,MASV76210HQ939049,,,,,
I,XWU37NLCELN920337,QX30,INFINITI,2014,,
R,XWU37NLCELN920337,,,,,
A,XWU37NLCELN920337,,,,,
I,BSRW86637HC868101,Q8,Audi,2019,,
R,BSRW86637HC868101,,,,,
A,BSRW86637HC868101,,,,,
A,BSRW86637HC868101,,,,,
A,BSRW86637HC868101,,,,,
I,YQZB907LKRN472688,XT4,Cadillac,2016,,
A,YQZB907LKRN472688,,,,,
R,YQZB907LKRN472688,,,,,
I,PLPA362BNNX339400,Q8,Audi,2019,,
A,PLPA362BNNX339400,,,,,
A,PLPA362BNNX339400,,,,,
A,PLPA362BNNX339400,,,,,
A,PLPA362BNNX339400,,,,,
R,PLPA362BNNX339400,,,,,
R,PLPA362BNNX339400,,,,,
R,PLPA362BNNX339400,,,,,
A,PLPA362BNNX339400,,,,,
R,PLPA362BNNX339400,,,,,
I,OGUS07319IE713799,QX30,INFINITI,2014,,
A,OGUS07319IE713799,,,,,
R,OGUS07319IE713799,,,,,
R,OGUS07319IE713799,,,,,
A,OGUS07319IE713799,,,,,
A,OGUS07319IE713799,,,,,
A,OGUS07319IE713799,,,,,
A,OGUS07319IE713799,,,,,
R,OGUS07319IE713799,,,,,
A,OGUS07319IE713799,,,,,
I,CHX11MEJVYT246598,S5,Audi,2012,,
R,CHX11MEJVYT246598,,,,,
R,CHX11MEJVYT246598,,,,,
A,CHX11MEJVYT246598,,,,,
A,CHX11MEJVYT246598,,,,,
R,CHX11MEJVYT246598,,,,,
A,CHX11MEJVYT246598,,,,,
I,KIIS804WFQV731009,Prius,Toyota,2019,,
A,KIIS804WFQV731009,,,,,
R,KIIS804WFQV731009,,,,,
R,KIIS804WFQV731009,,,,,
A,KIIS804WFQV731009,,,,,
A,KIIS804WFQV731009,,,,,
I,HJKF46081YH370342,Optima,Kia,2019,,
R,HJKF46081YH370342,,,,,
A,HJKF46081YH370342,,,,,
I,BUIK625AEMJ188770,XJ,Jaguar,2014,,
R,BUIK625AEMJ188770,,,,,
A,BUIK625AEMJ188770,,,,,
R,BUIK625AEMJ188770,,,,,
A,BUIK625AEMJ188770,,,,,
R,BUIK625AEMJ188770,,,,,
I,SVHQ57754XU865785,Yukon XL,GMC,2016,,
A,SVHQ57754XU865785,,,,,
R,SVHQ57754XU865785,,,,,
I,YMZY127KMDD688877,Yukon XL,GMC,2016,,
R,YMZY127KMDD688877,,,,,
R,YMZY127KMDD688877,,,,,
A,YMZY127KMDD688877,,,,,
A,YMZY127KMDD688877,,,,,
A,YMZY127KMDD688877,,,,,
I,TGOJ939GSMU918794,XT4,Cadillac,2016,,
A,TGOJ939GSMU918794,,,,,
R,TGOJ939GSMU918794,,,,,
R,TGOJ939GSMU918794,,,,,
A,TGOJ939GSMU918794,,,,,
A,TGOJ939GSMU918794,,,,,
A,TGOJ939GSMU918794,,,,,
A,TGOJ939GSMU918794,,,,,
R,TGOJ939GSMU918794,,,,,
R,TGOJ939GSMU918794,,,,,
I,YPLP389PQDJ007070,S60,Volvo,2019,,
R,YPLP389PQDJ007070,,,,,
A,YPLP389PQDJ007070,,,,,
A,YPLP389PQDJ007070,,,,,
A,YPLP389PQDJ007070,,,,,
R,YPLP389PQDJ007070,,,,,
A,YPLP389PQDJ007070,,,,,
R,YPLP389PQDJ007070,,,,,
I,RGY05JWJWHV007253,Beetle,Volkswagen,2014,,
A,RGY05JWJWHV007253,,,,,
R,RGY05JWJWHV007253,,,,,
R,RGY05JWJWHV007253,,,,,
A,RGY05JWJWHV007253,,,,,
A,RGY05JWJWHV007253,,,,,
A,RGY05JWJWHV007253,,,,,
R,RGY05JWJWHV007253,,,,,
A,RGY05JWJWHV007253,,,,,
I,HSGX28211DK475193,Q8,Audi,2019,,
A,HSGX28211DK475193,,,,,
R,HSGX28211DK475193,,,,,
R,HSGX28211DK475193,,,,,
R,HSGX28211DK475193,,,,,
R,HSGX28211DK475193,,,,,
A,HSGX28211DK475193,,,,,
I,ZHRJ767GUGE708607,Yukon XL,GMC,2016,,
R,ZHRJ767GUGE708607,,,,,
R,ZHRJ767GUGE708607,,,,,
A,ZHRJ767GUGE708607,,,,,
R,ZHRJ767GUGE708607,,,,,
A,ZHRJ767GUGE708607,,,,,
R,ZHRJ767GUGE708607,,,,,
A,ZHRJ767GUGE708607,,,,,
A,ZHRJ767GUGE708607,,,,,
I,VLUL356PZAX681519,A7,Audi,2019,,
R,VLUL356PZAX681519,,,,,
R,VLUL356PZAX681519,,,,,
A,VLUL356PZAX681519,,,,,
I,SVRV468HADA516404,A4,Audi,2017,,
R,SVRV468HADA516404,,,,,
R,SVRV468HADA516404,,,,,
R,SVRV468HADA516404,,,,,
I,KKCV478CEEV370647,A7,Audi,2019,,
A,KKCV478CEEV370647,,,,,
R,KKCV478CEEV370647,,,,,
R,KKCV478CEEV370647,,,,,
A,KKCV478CEEV370647,,,,,
A,KKCV478CEEV370647,,,,,
R,KKCV478CEEV370647,,,,,
A,KKCV478CEEV370647,,,,,
I,LQRZ17015BG025595,Yukon XL,GMC,2016,,
R,LQRZ17015BG025595,,,,,
R,LQRZ17015BG025595,,,,,
A,LQRZ17015BG025595,,,,,
R,LQRZ17015BG025595,,,,,
I,PCOT697NNJO015475,Bentayga,Bentley,2013,,
R,PCOT697NNJO015475,,,,,
A,PCOT697NNJO015475,,,,,
I,BKJ42ESSMTT626851,XT4,Cadillac,2016,,
A,BKJ42ESSMTT626851,,,,,
A,BKJ42ESSMTT626851,,,,,
A,BKJ42ESSMTT626851,,,,,
R,BKJ42ESSMTT626851,,,,,
A,BKJ42ESSMTT626851,,,,,
I,UHZZ44693GA745609,Z4,BMW,2019,,
R,UHZZ44693GA745609,,,,,
A,UHZZ44693GA745609,,,,,
I,WZN48KIKZMO222350,XJ,Jaguar,2014,,
R,WZN48KIKZMO222350,,,,,
R,WZN48KIKZMO222350,,,,,
A,WZN48KIKZMO222350,,,,,
A,WZN48KIKZMO222350,,,,,
R,WZN48KIKZMO222350,,,,,
R,WZN48KIKZMO222350,,,,,
R,WZN48KIKZMO222350,,,,,
I,HIMI18140XA270709,Yaris,Toyota,2018,,
R,HIMI18140XA270709,,,,,
A,HIMI18140XA270709,,,,,
A,HIMI18140XA270709,,,,,
A,HIMI18140XA270709,,,,,
I,GNHN01993SL395448,S60,Volvo,2019,,
R,GNHN01993SL395448,,,,,
A,GNHN01993SL395448,,,,,
A,GNHN01993SL395448,,,,,
R,GNHN01993SL395448,,,,,
R,GNHN01993SL395448,,,,,
R,GNHN01993SL395448,,,,,
R,GNHN01993SL395448,,,,,
A,GNHN01993SL395448,,,,,
R,GNHN01993SL395448,,,,,
I,JMC71DSFREV975186,Optima,Kia,2019,,
A,JMC71DSFREV975186,,,,,
R,JMC71DSFREV975186,,,,,
A,JMC71DSFREV975186,,,,,
A,JMC71DSFREV975186,,,,,
A,JMC71DSFREV975186,,,,,
R,JMC71DSFREV975186,,,,,
R,JMC71DSFREV975186,,,,,
A,JMC71DSFREV975186,,,,,
R,JMC71DSFREV975186,,,,,
I,RDER94040XY606273,A7,Audi,2019,,
R,RDER94040XY606273,,,,,
A,RDER94040XY606273,,,,,
R,RDER94040XY606273,,,,,
I,GVT91DRMKPW793085,XJ,Jaguar,2014,,
R,GVT91DRMKPW793085,,,,,
I,MIRC968AJUE745766,Q8,Audi,2019,,
R,MIRC968AJUE745766,,,,,
I,MCIT624ZFZC678665,XJ,Jaguar,2014,,
R,MCIT624ZFZC678665,,,,,
A,MCIT624ZFZC678665,,,,,
A,MCIT624ZFZC678665,,,,,
A,MCIT624ZFZC678665,,,,,
A,MCIT624ZFZC678665,,,,,
R,MCIT624ZFZC678665,,,,,
R,MCIT624ZFZC678665,,,,,
R,MCIT624ZFZC678665,,,,,
A,MCIT624ZFZC678665,,,,,
I,QAMU24876BZ959630,Q8,Audi,2019,,
A,QAMU24876BZ959630,,,,,
A,QAMU24876BZ959630,,,,,
R,QAMU24876BZ959630,,,,,
A,QAMU24876BZ959630,,,,,
A,QAMU24876BZ959630,,,,,
A,QAMU24876BZ959630,,,,,
A,QAMU24876BZ959630,,,,,
I,JCXP400SRKT554713,Optima,Kia,2019,,
R,JCXP400SRKT554713,,,,,
A,JCXP400SRKT554713,,,,,
A,JCXP400SRKT554713,,,,,
R,JCXP400SRKT554713,,,,,
R,JCXP400SRKT554713,,,,,
A,JCXP400SRKT554713,,,,,
I,QRY15MWWBVE376520,XT4,Cadillac,2016,,
A,QRY15MWWBVE376520,,,,,
A,QRY15MWWBVE376520,,,,,
A,QRY15MWWBVE376520,,,,,
A,QRY15MWWBVE376520,,,,,
I,JUVK137MCAC837989,XJ,Jaguar,2014,,
A,JUVK137MCAC837989,,,,,
A,JUVK137MCAC837989,,,,,
R,JUVK137MCAC837989,,,,,
R,JUVK137MCAC837989,,,,,
R,JUVK137MCAC837989,,,,,
I,XOW04CIUDPE296900,Prius,Toyota,2019,,
R,XOW04CIUDPE296900,,,,,
A,XOW04CIUDPE296900,,,,,
R,XOW04CIUDPE296900,,,,,
R,XOW04CIUDPE296900,,,,,
A,XOW04CIUDPE296900,,,,,
R,XOW04CIUDPE296900,,,,,
I,BVCG543CTZR419203,Beetle,Volkswagen,2014,,
R,BVCG543CTZR419203,,,,,
A,BVCG543CTZR419203,,,,,
R,BVCG543CTZR419203,,,,,
R,BVCG543CTZR419203,,,,,
R,BVCG543CTZR419203,,,,,
A,BVCG543CTZR419203,,,,,
I,JBKG455GVUW541527,A7,Audi,2019,,
R,JBKG455GVUW541527,,,,,
R,JBKG455GVUW541527,,,,,
A,JBKG455GVUW541527,,,,,
R,JBKG455GVUW541527,,,,,
R,JBKG455GVUW541527,,,,,
A,JBKG455GVUW541527,,,,,
R,JBKG455GVUW541527,,,,,
A,JBKG455GVUW541527,,,,,
R,JBKG455GVUW541527,,,,,
I,KMTN19717BY417474,S5,Audi,2012,,
A,KMTN19717BY417474,,,,,
A,KMTN19717BY417474,,,,,
R,KMTN19717BY417474,,,,,
R,KMTN19717BY417474,,,,,
A,KMTN19717BY417474,,,,,
I,WDLH626LVBO673487,A7,Audi,2019,,
R,WDLH626LVBO673487,,,,,
R,WDLH626LVBO673487,,,,,
R,WDLH626LVBO673487,,,,,
R,WDLH626LVBO673487,,,,,
R,WDLH626LVBO673487,,,,,
A,WDLH626LVBO673487,,,,,
A,WDLH626LVBO673487,,,,,
A,WDLH626LVBO673487,,,,,
R,WDLH626LVBO673487,,,,,
I,AVMW332NZGJ077067,S60,Volvo,2019,,
R,AVMW332NZGJ077067,,,,,
R,AVMW332NZGJ077067,,,,,
A,AVMW332NZGJ077067,,,,,
R,AVMW332NZGJ077067,,,,,
R,AVMW332NZGJ077067,,,,,
A,AVMW332NZGJ077067,,,,,
A,AVMW332NZGJ077067,,,,,
R,AVMW332NZGJ077067,,,,,
A,AVMW332NZGJ077067,,,,,
I,KXFH163PZWA275219,Beetle,Volkswagen,2014,,
R,KXFH163PZWA275219,,,,,
A,KXFH163PZWA275219,,,,,
A,KXFH163PZWA275219,,,,,
A,KXFH163PZWA275219,,,,,
A,KXFH163PZWA275219,,,,,
A,KXFH163PZWA275219,,,,,
R,KXFH163PZWA275219,,,,,
A,KXFH163PZWA275219,,,,,
R,KXFH163PZWA275219,,,,,
I,EZFL027URKS296259,Yaris,Toyota,2018,,
R,EZFL027URKS296259,,,,,
A,EZFL027URKS296259,,,,,
I,DQOD569FTWX203879,Z4,BMW,2019,,
R,DQOD569FTWX203879,,,,,
A,DQOD569FTWX203879,,,,,
A,DQOD569FTWX203879,,,,,
I,XPQT834DLLZ249843,Bentayga,Bentley,2013,,
R,XPQT834DLLZ249843,,,,,
R,XPQT834DLLZ249843,,,,,
R,XPQT834DLLZ249843,,,,,
I,GXWJ47883JJ696190,Beetle,Volkswagen,2014,,
R,GXWJ47883JJ696190,,,,,
R,GXWJ47883JJ696190,,,,,
A,GXWJ47883JJ696190,,,,,
R,GXWJ47883JJ696190,,,,,
A,GXWJ47883JJ696190,,,,,
R,GXWJ47883JJ696190,,,,,
A,GXWJ47883JJ696190,,,,,
A,GXWJ47883JJ696190,,,,,
A,GXWJ47883JJ696190,,,,,
I,CQS70HBLEGP293007,Bentayga,Bentley,2013,,
R,CQS70HBLEGP293007,,,,,
R,CQS70HBLEGP293007,,,,,
R,CQS70HBLEGP293007,,,,,
R,CQS70HBLEGP293007,,,,,
A,CQS70HBLEGP293007,,,,,
I,OOU22JIWCZM796767,Yaris,Toyota,2018,,
A,OOU22JIWCZM796767,,,,,
A,OOU22JIWCZM796767,,,,,
R,OOU22JIWCZM796767,,,,,
R,OOU22JIWCZM796767,,,,,
A,OOU22JIWCZM796767,,,,,
R,OOU22JIWCZM796767,,,,,
R,OOU22JIWCZM796767,,,,,
R,OOU22JIWCZM796767,,,,,
I,TCJU419JYBN106529,A7,Audi,2019,,
R,TCJU419JYBN106529,,,,,
R,TCJU419JYBN106529,,,,,
I,HHCR599YPZQ483762,Yaris,Toyota,2018,,
A,HHCR599YPZQ483762,,,,,
A,HHCR599YPZQ483762,,,,,
A,HHCR599YPZQ483762,,,,,
I,JDI76VYYWLL396762,Yaris,Toyota,2018,,
R,JDI76VYYWLL396762,,,,,
R,JDI76VYYWLL396762,,,,,
R,JDI76VYYWLL396762,,,,,
R,JDI76VYYWLL396762,,,,,
R,JDI76VYYWLL396762,,,,,
I,AQH10EYPYOV323806,QX30,INFINITI,2014,,
R,AQH10EYPYOV323806,,,,,
R,AQH10EYPYOV323806,,,,,
R,AQH10EYPYOV323806,,,,,
R,AQH10EYPYOV323806,,,,,
R,AQH10EYPYOV323806,,,,,
R,AQH10EYPYOV323806,,,,,
R,AQH10EYPYOV323806,,,,,
A,AQH10EYPYOV323806,,,,,
I,CNM22VAHAJH775894,S60,Volvo,2019,,
R,CNM22VAHAJH775894,,,,,
A,CNM22VAHAJH775894,,,,,
R,CNM22VAHAJH775894,,,,,
A,CNM22VAHAJH775894,,,,,
I,KSR77OKJJVJ008160,Prius,Toyota,2019,,
R,KSR77OKJJVJ008160,,,,,
A,KSR77OKJJVJ008160,,,,,
A,KSR77OKJJVJ008160,,,,,
A,KSR77OKJJVJ008160,,,,,
A,KSR77OKJJVJ008160,,,,,
R,KSR77OKJJVJ008160,,,,,
A,KSR77OKJJVJ008160,,,,,
A,KSR77OKJJVJ008160,,,,,
A,KSR77OKJJVJ008160,,,,,
I,GSIN16921DN292700,Z4,BMW,2019,,
R,GSIN16921DN292700,,,,,
A,GSIN16921DN292700,,,,,
R,GSIN16921DN292700,,,,,
I,GSUL27192JL408963,Bentayga,Bentley,2013,,
R,GSUL27192JL408963,,,,,
A,GSUL27192JL408963,,,,,
A,GSUL27192JL408963,,,,,
R,GSUL27192JL408963,,,,,
R,GSUL27192JL408963,,,,,
R,GSUL27192JL408963,,,,,
A,GSUL27192JL408963,,,,,
A,GSUL27192JL408963,,,,,
R,GSUL27192JL408963,,,,,
I,BBP67YHAPFE477479,Optima,Kia,2019,,
A,BBP67YHAPFE477479,,,,,
R,BBP67YHAPFE477479,,,,,
R,BBP67YHAPFE477479,,,,,
A,BBP67YHAPFE477479,,,,,
I,WVJY71313IB196524,Bentayga,Bentley,2013,,
R,WVJY71313IB196524,,,,,
I,BOHB67241UO464838,Prius,Toyota,2019,,
A,BOHB67241UO464838,,,,,
R,BOHB67241UO464838,,,,,
R,BOHB67241UO464838,,,,,
A,BOHB67241UO464838,,,,,
R,BOHB67241UO464838,,,,,
R,BOHB67241UO464838,,,,,
R,BOHB67241UO464838,,,,,
A,BOHB67241UO464838,,,,,
A,BOHB67241UO464838,,,,,
I,EKJI80720LH965482,Beetle,Volkswagen,2014,,
A,EKJI80720LH965482,,,,,
R,EKJI80720LH965482,,,,,
A,EKJI80720LH965482,,,,,
A,EKJI80720LH965482,,,,,
A,EKJI80720LH965482,,,,,
A,EKJI80720LH965482,,,,,
R,EKJI80720LH965482,,,,,
A,EKJI80720LH965482,,,,,
I,VPF58TIEDGL479625,XJ,Jaguar,2014,,
A,VPF58TIEDGL479625,,,,,
R,VPF58TIEDGL479625,,,,,
A,VPF58TIEDGL479625,,,,,
A,VPF58TIEDGL479625,,,,,
A,VPF58TIEDGL479625,,,,,
A,VPF58TIEDGL479625,,,,,
A,VPF58TIEDGL479625,,,,,
I,ZHRR995DSPX755575,Beetle,Volkswagen,2014,,
A,ZHRR995DSPX755575,,,,,
A,ZHRR995DSPX755575,,,,,
R,ZHRR995DSPX755575,,,,,
A,ZHRR995DSPX755575,,,,,
A,ZHRR995DSPX755575,,,,,
A,ZHRR995DSPX755575,,,,,
A,ZHRR995DSPX755575,,,,,
R,ZHRR995DSPX755575,,,,,
R,ZHRR995DSPX755575,,,,,
I,VPX88LTEJVV548416,S60,Volvo,2019,,
A,VPX88LTEJVV548416,,,,,
R,VPX88LTEJVV548416,,,,,
R,VPX88LTEJVV548416,,,,,
R,VPX88LTEJVV548416,,,,,
A,VPX88LTEJVV548416,,,,,
A,VPX88LTEJVV548416,,,,,
R,VPX88LTEJVV548416,,,,,
I,NOLX59907HL784588,Yukon XL,GMC,2016,,
A,NOLX59907HL784588,,,,,
I,EZBF54753VN081638,Beetle,Volkswagen,2014,,
A,EZBF54753VN081638,,,,,
R,EZBF54753VN081638,,,,,
A,EZBF54753VN081638,,,,,
R,EZBF54753VN081638,,,,,
R,EZBF54753VN081638,,,,,
R,EZBF54753VN081638,,,,,
R,EZBF54753VN081638,,,,,
R,EZBF54753VN081638,,,,,
R,EZBF54753VN081638,,,,,
I,MEM89WCMGHY261214,XJ,Jaguar,2014,,
A,MEM89WCMGHY261214,,,,,
I,NVEC99000LP319292,A4,Audi,2017,,
A,NVEC99000LP319292,,,,,
R,NVEC99000LP319292,,,,,
R,NVEC99000LP319292,,,,,
A,NVEC99000LP319292,,,,,
I,DQYO33418WF862417,A4,Audi,2017,,
R,DQYO33418WF862417,,,,,
A,DQYO33418WF862417,,,,,
R,DQYO33418WF862417,,,,,
R,DQYO33418WF862417,,,,,
A,DQYO33418WF862417,,,,,
I,WYN00DXZAHL843572,Yaris,Toyota,2018,,
A,WYN00DXZAHL843572,,,,,
A,WYN00DXZAHL843572,,,,,
R,WYN00DXZAHL843572,,,,,
A,WYN00DXZAHL843572,,,,,
A,WYN00DXZAHL843572,,,,,
R,WYN00DXZAHL843572,,,,,
I,CLST930KKPP950727,Yukon XL,GMC,2016,,
R,CLST930KKPP950727,,,,,
R,CLST930KKPP950727,,,,,
R,CLST930KKPP950727,,,,,
A,CLST930KKPP950727,,,,,
A,CLST930KKPP950727,,,,,
R,CLST930KKPP950727,,,,,
I,DNYP360ZHQU832836,XT4,Cadillac,2016,,
R,DNYP360ZHQU832836,,,,,
R,DNYP360ZHQU832836,,,,,
R,DNYP360ZHQU832836,,,,,
A,DNYP360ZHQU832836,,,,,
I,DUPL226XUEG564621,Z4,BMW,2019,,
A,DUPL226XUEG564621,,,,,
A,DUPL226XUEG564621,,,,,
R,DUPL226XUEG564621,,,,,
A,DUPL226XUEG564621,,,,,
A,DUPL226XUEG564621,,,,,
R,DUPL226XUEG564621,,,,,
R,DUPL226XUEG564621,,,,,
R,DUPL226XUEG564621,,,,,
I,QKU11SFJUUJ454395,Prius,Toyota,2019,,
A,QKU11SFJUUJ454395,,,,,
R,QKU11SFJUUJ454395,,,,,
R,QKU11SFJUUJ454395,,,,,
A,QKU11SFJUUJ454395,,,,,
R,QKU11SFJUUJ454395,,,,,
R,QKU11SFJUUJ454395,,,,,
I,ZOMG894ARPM987245,A4,Audi,2017,,
A,ZOMG894ARPM987245,,,,,
R,ZOMG894ARPM987245,,,,,
R,ZOMG894ARPM987245,,,,,
A,ZOMG894ARPM987245,,,,,
A,ZOMG894ARPM987245,,,,,
A,ZOMG894ARPM987245,,,,,
R,ZOMG894ARPM987245,,,,,
A,ZOMG894ARPM987245,,,,,
I,EWLO40860IR149929,A7,Audi,2019,,
R,EWLO40860IR149929,,,,,
A,EWLO40860IR149929,,,,,
R,EWLO40860IR149929,,,,,
A,EWLO40860IR149929,,,,,
A,EWLO40860IR149929,,,,,
R,EWLO40860IR149929,,,,,
R,EWLO40860IR149929,,,,,
A,EWLO40860IR149929,,,,,
A,EWLO40860IR149929,,,,,
I,OSY86PCTRNZ107665,XJ,Jaguar,2014,,
R,OSY86PCTRNZ107665,,,,,
R,OSY86PCTRNZ107665,,,,,
A,OSY86PCTRNZ107665,,,,,
R,OSY86PCTRNZ107665,,,,,
A,OSY86PCTRNZ107665,,,,,
A,OSY86PCTRNZ107665,,,,,
A,OSY86PCTRNZ107665,,,,,
A,OSY86PCTRNZ107665,,,,,
R,OSY86PCTRNZ107665,,,,,
I,OFF32JIDWBC393528,Z4,BMW,2019,,
R,OFF32JIDWBC393528,,,,,
A,OFF32JIDWBC393528,,,,,
R,OFF32JIDWBC393528,,,,,
R,OFF32JIDWBC393528,,,,,
A,OFF32JIDWBC393528,,,,,
A,OFF32JIDWBC393528,,,,,
I,XTXA541BOIY494677,Yaris,Toyota,2018,,
R,XTXA541BOIY494677,,,,,
R,XTXA541BOIY494677,,,,,
A,XTXA541BOIY494677,,,,,
R,XTXA541BOIY494677,,,,,
A,XTXA541BOIY494677,,,,,
R,XTXA541BOIY494677,,,,,
I,LXM04ICRNCA172810,Bentayga,Bentley,2013,,
A,LXM04ICRNCA172810,,,,,
R,LXM04ICRNCA172810,,,,,
A,LXM04ICRNCA172810,,,,,
R,LXM04ICRNCA172810,,,,,
A,LXM04ICRNCA172810,,,,,
A,LXM04ICRNCA172810,,,,,
R,LXM04ICRNCA172810,,,,,
I,UPPN994FYDI687457,A4,Audi,2017,,
R,UPPN994FYDI687457,,,,,
R,UPPN994FYDI687457,,,,,
A,UPPN994FYDI687457,,,,,
A,UPPN994FYDI687457,,,,,
A,UPPN994FYDI687457,,,,,
I,ZVKK661PWUR666824,Yaris,Toyota,2018,,
A,ZVKK661PWUR666824,,,,,
R,ZVKK661PWUR666824,,,,,
R,ZVKK661PWUR666824,,,,,
A,ZVKK661PWUR666824,,,,,
A,ZVKK661PWUR666824,,,,,
I,FUUQ17820ZR838081,XT4,Cadillac,2016,,
R,FUUQ17820ZR838081,,,,,
R,FUUQ17820ZR838081,,,,,
A,FUUQ17820ZR838081,,,,,
R,FUUQ17820ZR838081,,,,,
R,FUUQ17820ZR838081,,,,,
A,FUUQ17820ZR838081,,,,,
R,FUUQ17820ZR838081,,,,,
I,EKPB106PEQZ020733,Bentayga,Bentley,2013,,
R,EKPB106PEQZ020733,,,,,
R,EKPB106PEQZ020733,,,,,
A,EKPB106PEQZ020733,,,,,
R,EKPB106PEQZ020733,,,,,
R,EKPB106PEQZ020733,,,,,
I,ISTI73478CZ282112,XT4,Cadillac,2016,,
R,ISTI73478CZ282112,,,,,
R,ISTI73478CZ282112,,,,,
I,ASEO502HACH528617,Bentayga,Bentley,2013,,
R,ASEO502HACH528617,,,,,
R,ASEO502HACH528617,,,,,
A,ASEO502HACH528617,,,,,
A,ASEO502HACH528617,,,,,
I,VNU32SIKNLX661324,Beetle,Volkswagen,2014,,
A,VNU32SIKNLX661324,,,,,
A,VNU32SIKNLX661324,,,,,
I,HZPQ75439VV378526,S5,Audi,2012,,
A,HZPQ75439VV378526,,,,,
I,ZOTN56865CK931574,S5,Audi,2012,,
R,ZOTN56865CK931574,,,,,
A,ZOTN56865CK931574,,,,,
A,ZOTN56865CK931574,,,,,
A,ZOTN56865CK931574,,,,,
R,ZOTN56865CK931574,,,,,
R,ZOTN56865CK931574,,,,,
A,ZOTN56865CK931574,,,,,
A,ZOTN56865CK931574,,,,,
I,QJEA157YOPC911103,Yukon XL,GMC,2016,,
R,QJEA157YOPC911103,,,,,
R,QJEA157YOPC911103,,,,,
I,GMNC41310LL570612,A7,Audi,2019,,
A,GMNC41310LL570612,,,,,
R,GMNC41310LL570612,,,,,
R,GMNC41310LL570612,,,,,
A,GMNC41310LL570612,,,,,
A,GMNC41310LL570612,,,,,
R,GMNC41310LL570612,,,,,
A,GMNC41310LL570612,,,,,
A,GMNC41310LL570612,,,,,
A,GMNC41310LL570612,,,,,
I,JSMU18523LZ094893,Z4,BMW,2019,,
A,JSMU18523LZ094893,,,,,
R,JSMU18523LZ094893,,,,,
A,JSMU18523LZ094893,,,,,
R,JSMU18523LZ094893,,,,,
R,JSMU18523LZ094893,,,,,
A,JSMU18523LZ094893,,,,,
A,JSMU18523LZ094893,,,,,
R,JSMU18523LZ094893,,,,,
R,JSMU18523LZ094893,,,,,
I,ZHEK405RDEP156477,A7,Audi,2019,,
R,ZHEK405RDEP156477,,,,,
R,ZHEK405RDEP156477,,,,,
A,ZHEK405RDEP156477,,,,,
A,ZHEK405RDEP156477,,,,,
