I,AHD94BNEJSV761750,QX30,INFINITI,2014,,
R,AHD94BNEJSV761750,,,,,
R,AHD94BNEJSV761750,,,,,
A,AHD94BNEJSV761750,,,,,
A,AHD94BNEJSV761750,,,,,
R,AHD94BNEJSV761750,,,,,
R,AHD94BNEJSV761750,,,,,
R,AHD94BNEJSV761750,,,,,
R,AHD94BNEJSV761750,,,,,
I,QSQH12891NT802395,Yaris,Toyota,2018,,
R,QSQH12891NT802395,,,,,
R,QSQH12891NT802395,,,,,
R,QSQH12891NT802395,,,,,
A,QSQH12891NT802395,,,,,
A,QSQH12891NT802395,,,,,
A,QSQH12891NT802395,,,,,
A,QSQH12891NT802395,,,,,
A,QSQH12891NT802395,,,,,
I,NXNW51222ZW255538,A7,Audi,2019,,
A,NXNW51222ZW255538,,,,,
R,NXNW51222ZW255538,,,,,
R,NXNW51222ZW255538,,,,,
I,MMQY309GDCI890379,XJ,Jaguar,2014,,
R,MMQY309GDCI890379,,,,,
I,APRZ51913RK184508,Optima,Kia,2019,,
A,APRZ51913RK184508,,,,,
A,APRZ51913RK184508,,,,,
A,APRZ51913RK184508,,,,,
A,APRZ51913RK184508,,,,,
R,APRZ51913RK184508,,,,,
A,APRZ51913RK184508,,,,,
A,APRZ51913RK184508,,,,,
A,APRZ51913RK184508,,,,,
A,APRZ51913RK184508,,,,,
I,NGK49HTXJYL835361,S60,Volvo,2019,,
R,NGK49HTXJYL835361,,,,,
I,EGWZ928XZKR501865,Bentayga,Bentley,2013,,
A,EGWZ928XZKR501865,,,,,
A,EGWZ928XZKR501865,,,,,
A,EGWZ928XZKR501865,,,,,
A,EGWZ928XZKR501865,,,,,
A,EGWZ928XZKR501865,,,,,
I,FBWX34378SS485273,Q8,Audi,2019,,
R,FBWX34378SS485273,,,,,
A,FBWX34378SS485273,,,,,
R,FBWX34378SS485273,,,,,
R,FBWX34378SS485273,,,,,
R,FBWX34378SS485273,,,,,
A,FBWX34378SS485273,,,,,
A,FBWX34378SS485273,,,,,
A,FBWX34378SS485273,,,,,
I,WOMU54277MM570019,S60,Volvo,2019,,
R,WOMU54277MM570019,,,,,
I,PJLI912YJRI277053,QX30,INFINITI,2014,,
R,PJLI912YJRI277053,,,,,
A,PJLI912YJRI277053,,,,,
A,PJLI912YJRI277053,,,,,
R,PJLI912YJRI277053,,,,,
R,PJLI912YJRI277053,,,,,
R,PJLI912YJRI277053,,,,,
I,NKOF31152NV576485,Bentayga,Bentley,2013,,
R,NKOF31152NV576485,,,,,
R,NKOF31152NV576485,,,,,
A,NKOF31152NV576485,,,,,
A,NKOF31152NV576485,,,,,
R,NKOF31152NV576485,,,,,
R,NKOF31152NV576485,,,,,
R,NKOF31152NV576485,,,,,
R,NKOF31152NV576485,,,,,
R,NKOF31152NV576485,,,,,
I,DTIA404CKSV845238,Q8,Audi,2019,,
R,DTIA404CKSV845238,,,,,
A,DTIA404CKSV845238,,,,,
R,DTIA404CKSV845238,,,,,
I,MXXI431NIJM600524,Beetle,Volkswagen,2014,,
A,MXXI431NIJM600524,,,,,
A,MXXI431NIJM600524,,,,,
R,MXXI431NIJM600524,,,,,
R,MXXI431NIJM600524,,,,,
I,FQRK144FOYS951536,Yukon XL,GMC,2016,,
A,FQRK144FOYS951536,,,,,
A,FQRK144FOYS951536,,,,,
A,FQRK144FOYS951536,,,,,
I,RECB201AWDI024751,Optima,Kia,2019,,
A,RECB201AWDI024751,,,,,
R,RECB201AWDI024751,,,,,
A,RECB201AWDI024751,,,,,
A,RECB201AWDI024751,,,,,
I,UPZN831OXKM107164,A4,Audi,2017,,
A,UPZN831OXKM107164,,,,,
R,UPZN831OXKM107164,,,,,
R,UPZN831OXKM107164,,,,,
R,UPZN831OXKM107164,,,,,
R,UPZN831OXKM107164,,,,,
A,UPZN831OXKM107164,,,,,
A,UPZN831OXKM107164,,,,,
A,UPZN831OXKM107164,,,,,
I,XBVK339FSAH451367,S60,Volvo,2019,,
R,XBVK339FSAH451367,,,,,
R,XBVK339FSAH451367,,,,,
R,XBVK339FSAH451367,,,,,
I,QKOR671FPFQ816911,A7,Audi,2019,,
R,QKOR671FPFQ816911,,,,,
A,QKOR671FPFQ816911,,,,,
R,QKOR671FPFQ816911,,,,,
R,QKOR671FPFQ816911,,,,,
A,QKOR671FPFQ816911,,,,,
R,QKOR671FPFQ816911,,,,,
I,RKXU855EMEC192067,Yukon XL,GMC,2016,,
A,RKXU855EMEC192067,,,,,
A,RKXU855EMEC192067,,,,,
R,RKXU855EMEC192067,,,,,
R,RKXU855EMEC192067,,,,,
A,RKXU855EMEC192067,,,,,
A,RKXU855EMEC192067,,,,,
A,RKXU855EMEC192067,,,,,
R,RKXU855EMEC192067,,,,,
R,RKXU855EMEC192067,,,,,
I,ZZI01SVKLSP940124,A4,Audi,2017,,
A,ZZI01SVKLSP940124,,,,,
A,ZZI01SVKLSP940124,,,,,
R,ZZI01SVKLSP940124,,,,,
R,ZZI01SVKLSP940124,,,,,
R,ZZI01SVKLSP940124,,,,,
A,ZZI01SVKLSP940124,,,,,
I,TWO60BOBFGX572796,QX30,INFINITI,2014,,
A,TWO60BOBFGX572796,,,,,
R,TWO60BOBFGX572796,,,,,
R,TWO60BOBFGX572796,,,,,
R,TWO60BOBFGX572796,,,,,
A,TWO60BOBFGX572796,,,,,
R,TWO60BOBFGX572796,,,,,
A,TWO60BOBFGX572796,,,,,
I,QAG86DDMYKJ005392,Z4,BMW,2019,,
R,QAG86DDMYKJ005392,,,,,
R,QAG86DDMYKJ005392,,,,,
R,QAG86DDMYKJ005392,,,,,
R,QAG86DDMYKJ005392,,,,,
I,GYUT34311MU564765,A7,Audi,2019,,
R,GYUT34311MU564765,,,,,
R,GYUT34311MU564765,,,,,
R,GYUT34311MU564765,,,,,
R,GYUT34311MU564765,,,,,
R,GYUT34311MU564765,,,,,
I,BFLC087VLHH890707,Q8,Audi,2019,,
R,BFLC087VLHH890707,,,,,
A,BFLC087VLHH890707,,,,,
A,BFLC087VLHH890707,,,,,
R,BFLC087VLHH890707,,,,,
R,BFLC087VLHH890707,,,,,
R,BFLC087VLHH890707,,,,,
A,BFLC087VLHH890707,,,,,
A,BFLC087VLHH890707,,,,,
R,BFLC087VLHH890707,,,,,
I,VMML10070PR589355,Beetle,Volkswagen,2014,,
A,VMML10070PR589355,,,,,
R,VMML10070PR589355,,,,,
R,VMML10070PR589355,,,,,
R,VMML10070PR589355,,,,,
R,VMML10070PR589355,,,,,
R,VMML10070PR589355,,,,,
A,VMML10070PR589355,,,,,
A,VMML10070PR589355,,,,,
R,VMML10070PR589355,,,,,
I,CJHM368DWWI809409,A4,Audi,2017,,
A,CJHM368DWWI809409,,,,,
A,CJHM368DWWI809409,,,,,
R,CJHM368DWWI809409,,,,,
R,CJHM368DWWI809409,,,,,
R,CJHM368DWWI809409,,,,,
I,QNYS41813FR437361,Prius,Toyota,2019,,
R,QNYS41813FR437361,,,,,
A,QNYS41813FR437361,,,,,
R,QNYS41813FR437361,,,,,
I,GIWG514YNCI671492,Q8,Audi,2019,,
R,GIWG514YNCI671492,,,,,
R,GIWG514YNCI671492,,,,,
R,GIWG514YNCI671492,,,,,
A,GIWG514YNCI671492,,,,,
A,GIWG514YNCI671492,,,,,
A,GIWG514YNCI671492,,,,,
I,HFLT649UMQO179531,XJ,Jaguar,2014,,
R,HFLT649UMQO179531,,,,,
R,HFLT649UMQO179531,,,,,
R,HFLT649UMQO179531,,,,,
R,HFLT649UMQO179531,,,,,
R,HFLT649UMQO179531,,,,,
R,HFLT649UMQO179531,,,,,
A,HFLT649UMQO179531,,,,,
R,HFLT649UMQO179531,,,,,
A,HFLT649UMQO179531,,,,,
I,TWZX972UJIL283293,Prius,Toyota,2019,,
A,TWZX972UJIL283293,,,,,
R,TWZX972UJIL283293,,,,,
A,TWZX972UJIL283293,,,,,
R,TWZX972UJIL283293,,,,,
A,TWZX972UJIL283293,,,,,
A,TWZX972UJIL283293,,,,,
R,TWZX972UJIL283293,,,,,
A,TWZX972UJIL283293,,,,,
A,TWZX972UJIL283293,,,,,
I,ELLE456AVAG511018,Yukon XL,GMC,2016,,
A,ELLE456AVAG511018,,,,,
A,ELLE456AVAG511018,,,,,
A,ELLE456AVAG511018,,,,,
R,ELLE456AVAG511018,,,,,
A,ELLE456AVAG511018,,,,,
A,ELLE456AVAG511018,,,,,
I,BYVO70724BT546472,Yukon XL,GMC,2016,,
R,BYVO70724BT546472,,,,,
R,BYVO70724BT546472,,,,,
R,BYVO70724BT546472,,,,,
R,BYVO70724BT546472,,,,,
I,NFWN671TODH074307,Yaris,Toyota,2018,,
R,NFWN671TODH074307,,,,,
A,NFWN671TODH074307,,,,,
R,NFWN671TODH074307,,,,,
A,NFWN671TODH074307,,,,,
A,NFWN671TODH074307,,,,,
A,NFWN671TODH074307,,,,,
A,NFWN671TODH074307,,,,,
I,BWGG452XFBX513563,Bentayga,Bentley,2013,,
R,BWGG452XFBX513563,,,,,
R,BWGG452XFBX513563,,,,,
R,BWGG452XFBX513563,,,,,
R,BWGG452XFBX513563,,,,,
A,BWGG452XFBX513563,,,,,
R,BWGG452XFBX513563,,,,,
A,BWGG452XFBX513563,,,,,
I,DWL57ARRJGM135902,S60,Volvo,2019,,
A,DWL57ARRJGM135902,,,,,
A,DWL57ARRJGM135902,,,,,
R,DWL57ARRJGM135902,,,,,
A,DWL57ARRJGM135902,,,,,
A,DWL57ARRJGM135902,,,,,
A,DWL57ARRJGM135902,,,,,
R,DWL57ARRJGM135902,,,,,
I,MFU99XKFCVI525051,Yukon XL,GMC,2016,,
R,MFU99XKFCVI525051,,,,,
A,MFU99XKFCVI525051,,,,,
I,MYPW49129YW582178,XJ,Jaguar,2014,,
R,MYPW49129YW582178,,,,,
R,MYPW49129YW582178,,,,,
R,MYPW49129YW582178,,,,,
R,MYPW49129YW582178,,,,,
I,CMGR01628MD695731,Yaris,Toyota,2018,,
A,CMGR01628MD695731,,,,,
R,CMGR01628MD695731,,,,,
I,JLK02WFPGJM752785,S5,Audi,2012,,
R,JLK02WFPGJM752785,,,,,
I,QKO49XUWMWQ491836,Prius,Toyota,2019,,
R,QKO49XUWMWQ491836,,,,,
A,QKO49XUWMWQ491836,,,,,
A,QKO49XUWMWQ491836,,,,,
R,QKO49XUWMWQ491836,,,,,
A,QKO49XUWMWQ491836,,,,,
I,NPQT466TJOR985460,Yaris,Toyota,2018,,
R,NPQT466TJOR985460,,,,,
R,NPQT466TJOR985460,,,,,
R,NPQT466TJOR985460,,,,,
A,NPQT466TJOR985460,,,,,
R,NPQT466TJOR985460,,,,,
I,WUW73OIZMZP697973,XJ,Jaguar,2014,,
A,WUW73OIZMZP697973,,,,,
R,WUW73OIZMZP697973,,,,,
R,WUW73OIZMZP697973,,,,,
A,WUW73OIZMZP697973,,,,,
R,WUW73OIZMZP697973,,,,,
I,SNCU36111FX290912,Bentayga,Bentley,2013,,
A,SNCU36111FX290912,,,,,
R,SNCU36111FX290912,,,,,
A,SNCU36111FX290912,,,,,
A,SNCU36111FX290912,,,,,
R,SNCU36111FX290912,,,,,
R,SNCU36111FX290912,,,,,
R,SNCU36111FX290912,,,,,
R,SNCU36111FX290912,,,,,
I,PKNE16130MO960907,S5,Audi,2012,,
R,PKNE16130MO960907,,,,,
R,PKNE16130MO960907,,,,,
A,PKNE16130MO960907,,,,,
R,PKNE16130MO960907,,,,,
A,PKNE16130MO960907,,,,,
I,NJLH707YBYP506821,Yukon XL,GMC,2016,,
A,NJLH707YBYP506821,,,,,
A,NJLH707YBYP506821,,,,,
R,NJLH707YBYP506821,,,,,
A,NJLH707YBYP506821,,,,,
A,NJLH707YBYP506821,,,,,
A,NJLH707YBYP506821,,,,,
A,NJLH707YBYP506821,,,,,
A,NJLH707YBYP506821,,,,,
I,PRHD90793PA622679,A7,Audi,2019,,
R,PRHD90793PA622679,,,,,
R,PRHD90793PA622679,,,,,
R,PRHD90793PA622679,,,,,
R,PRHD90793PA622679,,,,,
I,EKV08AMLDKA805989,Q8,Audi,2019,,
A,EKV08AMLDKA805989,,,,,
R,EKV08AMLDKA805989,,,,,
A,EKV08AMLDKA805989,,,,,
A,EKV08AMLDKA805989,,,,,
A,EKV08AMLDKA805989,,,,,
I,NDIA645HNVW722603,S60,Volvo,2019,,
R,NDIA645HNVW722603,,,,,
R,NDIA645HNVW722603,,,,,
I,ADTV50183HS001363,S60,Volvo,2019,,
R,ADTV50183HS001363,,,,,
A,ADTV50183HS001363,,,,,
A,ADTV50183HS001363,,,,,
R,ADTV50183HS001363,,,,,
R,ADTV50183HS001363,,,,,
A,ADTV50183HS001363,,,,,
R,ADTV50183HS001363,,,,,
R,ADTV50183HS001363,,,,,
I,DJE24MNBGHG889725,Prius,Toyota,2019,,
R,DJE24MNBGHG889725,,,,,
