GULE57046BK035340,R,Beetle,Volkswagen,2014
BZI01AIRMFU967346,A,Prius,Toyota,2019
ZQN30GBLXIS132184,R,S60,Volvo,2019
CBDX954DTYR291170,A,Bentayga,Bentley,2013
DIJY018HDGQ196337,R,XT4,Cadillac,2016
BZY36KBIFFC478224,A,Bentayga,Bentley,2013
ZUUS81766RT773543,R,A4,Audi,2017
BOSV566LTGE950814,A,S5,Audi,2012
UGM55DBVGGS917774,A,Yaris,Toyota,2018
NBCX34782XV554556,A,S5,Audi,2012
VKF16MRNLHH677229,A,S5,Audi,2012
SFY41XMCFQF770416,A,S60,Volvo,2019
QLZO63248QV492613,R,S60,Volvo,2019
QUI30LKMXJP873345,R,XJ,Jaguar,2014
TVGI41889AP628697,R,Beetle,Volkswagen,2014
NHSG259EABV072455,A,QX30,INFINITI,2014
ASCQ09702BM318854,A,Z4,BMW,2019
BIYK499OEBD299576,A,S5,Audi,2012
THXM190ANTR932726,A,Yaris,Toyota,2018
GFHI42351YM235680,R,Optima,Kia,2019
QNW60GSLSNS626736,A,Beetle,Volkswagen,2014
CTQN38742SE317703,A,Q8,Audi,2019
ACYO586REWH117137,A,Prius,Toyota,2019
AZJ58QDRCBO252681,A,A7,Audi,2019
YWKG106LGKX489279,A,XT4,Cadillac,2016
OSWR002YBVS629895,A,Yaris,Toyota,2018
RGL63XGBXBI802560,A,A4,Audi,2017
DXKI321IBBR238297,A,XT4,Cadillac,2016
EFCF61889IU221504,R,Z4,BMW,2019
GRX19GLOOTK077770,R,A7,Audi,2019
FQNC31950PL006901,A,Q8,Audi,2019
GQC18AGMWEP822892,R,Prius,Toyota,2019
SDJQ78746WI832574,R,XT4,Cadillac,2016
GZN70KQMQMH838808,A,Bentayga,Bentley,2013
SJHI82605WL049484,A,S5,Audi,2012
CMWU108YMBX474800,R,Prius,Toyota,2019
COKU06314LD336676,R,Bentayga,Bentley,2013
HPB54JTKUYM396825,A,Bentayga,Bentley,2013
XWFK22303PO781130,A,Q8,Audi,2019
HVR10QXCZKY581619,A,A4,Audi,2017
OGT10AIJVFZ953481,A,A7,Audi,2019
QSNT604DOZF113790,R,XT4,Cadillac,2016
EIUR948IQWU076268,A,Z4,BMW,2019
BYAS09367DW917740,R,A7,Audi,2019
HXII29689FJ230087,A,QX30,INFINITI,2014
XMGU26106EW144694,R,A4,Audi,2017
RKS60LFOAVG590475,R,Yukon XL,GMC,2016
OODU347SCPI797863,A,S60,Volvo,2019
QXLY92772VA430114,R,S60,Volvo,2019
JMTG37857JJ848278,A,A4,Audi,2017
QLV82NHBOLG448693,R,Yukon XL,GMC,2016
WNWF88550IC723068,A,S60,Volvo,2019
AYQ94MGBBZV855907,R,Optima,Kia,2019
HXG08LWYLHW178759,A,S5,Audi,2012
QURG392ULAA070226,R,A7,Audi,2019
UIX39PZKDGJ983532,R,Q8,Audi,2019
DFR69EAPSYB348166,A,XJ,Jaguar,2014
NECC38871TX629388,A,S60,Volvo,2019
TEA05ZTDPTS600587,A,S5,Audi,2012
XOYM910ZXCF834291,R,Q8,Audi,2019
KAW06KRXMOW483586,A,Optima,Kia,2019
ZOCX159AJRM593614,A,Prius,Toyota,2019
WRF25FDEZXV609634,A,Optima,Kia,2019
ZCLG85504JR469241,R,Yukon XL,GMC,2016
TWXE863NJVD498940,A,A4,Audi,2017
GLA87AHENJP675815,R,Z4,BMW,2019
NKUV921UVGV590009,A,XJ,Jaguar,2014
ZITL963QZHH220316,A,S60,Volvo,2019
ELG99IXQEVD854200,R,Optima,Kia,2019
FHBL204DKZM788492,R,Bentayga,Bentley,2013
LPPM93850MD673553,A,Bentayga,Bentley,2013
XLDM71185GW356003,A,XT4,Cadillac,2016
BHUP678EGVM513278,R,Optima,Kia,2019
XIBN154HJNL331060,A,XT4,Cadillac,2016
GBS45ZHXFMG136093,R,S60,Volvo,2019
CUJF280SQMY358274,A,Z4,BMW,2019
LGT32PDVXTA473934,R,QX30,INFINITI,2014
YGB48NISBDJ039455,R,Optima,Kia,2019
NQMA55840WF685889,A,S5,Audi,2012
YRO95IZXAJH190789,A,S60,Volvo,2019
OQRG72252PM903662,R,A7,Audi,2019
RWEJ606QVDV620883,A,S5,Audi,2012
OHPB88143CV266890,A,Beetle,Volkswagen,2014
DXSE439UXBT169794,R,S60,Volvo,2019
KAGS025BTXB246577,R,S60,Volvo,2019
UBYS71665OF470436,A,Optima,Kia,2019
VZP07TUXVQS519252,R,XJ,Jaguar,2014
SVOI420GQXR792467,A,Yaris,Toyota,2018
KGSX12745NU552431,R,Q8,Audi,2019
LIDQ992SFHS192419,A,QX30,INFINITI,2014
OVXN561KOYO826416,R,Bentayga,Bentley,2013
RVZ40PSZAKH928905,R,Bentayga,Bentley,2013
ZAIY33440KW809697,R,Z4,BMW,2019
WKWD261FOAJ869675,R,S5,Audi,2012
WGC53HVASFN975457,R,S5,Audi,2012
QUVC57047KS396662,A,A4,Audi,2017
XZPI151OBJI588183,A,XT4,Cadillac,2016
NNSM19934YS383821,A,A4,Audi,2017
JQH79JSPIED627672,R,S60,Volvo,2019
UEBA600XBDU504616,A,Prius,Toyota,2019
QEFI647MDWD729926,A,Q8,Audi,2019
RIHQ619BKLQ882909,A,S60,Volvo,2019
NAZY11952NQ930506,R,QX30,INFINITI,2014
IWE04GQZKFA417304,A,Bentayga,Bentley,2013
CHG23FLHMSN700963,A,Prius,Toyota,2019
RGSQ413NEMQ141107,R,Prius,Toyota,2019
KDSS36539EX852632,A,Beetle,Volkswagen,2014
DVK25EUNSLG423066,A,S60,Volvo,2019
QAGL34780ID017063,R,Z4,BMW,2019
KCTV468VWHZ381027,A,Beetle,Volkswagen,2014
QVC29TXUEOQ216498,A,A7,Audi,2019
GUXP230BVCR627709,A,Beetle,Volkswagen,2014
ILU87PIUQIP671607,R,Prius,Toyota,2019
YXMA56292YI910630,A,S60,Volvo,2019
ADSL413GUPS720551,R,Beetle,Volkswagen,2014
EXLS099ZEDL318406,A,S60,Volvo,2019
MGVS96084FT318404,R,Beetle,Volkswagen,2014
XTGB49568FO852015,R,Bentayga,Bentley,2013
YQYN90010UK937839,A,XJ,Jaguar,2014
VWNC25915ZT285581,R,Yaris,Toyota,2018
UAH24DRTORR244006,R,Q8,Audi,2019
UYD50BVPLPE662137,A,Beetle,Volkswagen,2014
QVYV695WWMI266402,A,Beetle,Volkswagen,2014
ZSI03OKCVAD209197,R,S5,Audi,2012
CYST832RDAW886576,R,Z4,BMW,2019
JVBC12284AA866841,A,Optima,Kia,2019
RXEV15623JE896486,R,Optima,Kia,2019
XEO99VHGYKS803645,R,Prius,Toyota,2019
FSGK527CRIM909217,R,S5,Audi,2012
LWEN41616SN426344,A,Yukon XL,GMC,2016
KTMG03587YI696830,A,Optima,Kia,2019
SJAE51990ME184878,R,Q8,Audi,2019
YFQ41LKFJXM245160,R,A7,Audi,2019
MAI78CDGPDZ097980,R,Yukon XL,GMC,2016
LRN06WTEMOQ216378,A,A4,Audi,2017
JUCD146NUKS177289,R,A7,Audi,2019
RBZW30681FY436463,R,QX30,INFINITI,2014
QTFY664AMVM043846,R,Q8,Audi,2019
TXGX433TEDE478784,R,Beetle,Volkswagen,2014
AMBB03421GB847844,R,Z4,BMW,2019
WZUV18666XO931493,R,S60,Volvo,2019
QMNN566NQLJ345571,R,XJ,Jaguar,2014
SMBP07974JE886447,A,Yaris,Toyota,2018
TVJN700IDJP118066,R,Z4,BMW,2019
QXYP64281NS884739,A,Prius,Toyota,2019
ENR56OCOWDX552572,A,Beetle,Volkswagen,2014
ILRE70951MA765230,A,A7,Audi,2019
KDNE316ZRWJ143261,A,Q8,Audi,2019
UHTV107RVQY390350,R,A4,Audi,2017
SSSD161SRVS275198,R,Optima,Kia,2019
WAT08QJJDVN460507,R,A7,Audi,2019
NIJ55VEJCTY351703,A,Bentayga,Bentley,2013
WPRG12916ZG746402,A,XJ,Jaguar,2014
XCOH16680AB503735,A,QX30,INFINITI,2014
NWNC378HFIC496382,R,Prius,Toyota,2019
DZUD663WEYY881093,R,S60,Volvo,2019
DYZ95NRDEAS597632,R,Q8,Audi,2019
JMEH25092JM879997,A,Yukon XL,GMC,2016
OAT23OAOJCX170963,A,QX30,INFINITI,2014
DBI00QSSFNS466964,A,Bentayga,Bentley,2013
PEPI22903YU671631,R,A4,Audi,2017
KHA55BDEMGW716447,A,Prius,Toyota,2019
PNZM279KOKT505004,R,S5,Audi,2012
EBWC221NEOZ928174,R,Prius,Toyota,2019
OOUX02826AM607236,R,Q8,Audi,2019
RDES060GXRH266186,A,Optima,Kia,2019
TMU39AZOZBZ088413,A,Beetle,Volkswagen,2014
SOR34HOSUCL673877,A,S60,Volvo,2019
CEE72AJFOLS899395,A,A7,Audi,2019
NBZE01397BX006279,A,Bentayga,Bentley,2013
ARY80WGFVMR130663,A,QX30,INFINITI,2014
VDJM319VKSN332129,R,Prius,Toyota,2019
UFZS457OINR433906,R,Beetle,Volkswagen,2014
IHCF82107YT204640,A,Yukon XL,GMC,2016
OJEE641OMSZ796153,A,Q8,Audi,2019
FUCW95059VE832591,A,Optima,Kia,2019
LWCB516LDBZ298136,R,Beetle,Volkswagen,2014
XUYV309DPKV444577,R,Yaris,Toyota,2018
OIWV012SULT227937,R,S60,Volvo,2019
WDKO006BDNA702511,A,Prius,Toyota,2019
QRX57IAAAUQ239881,A,Bentayga,Bentley,2013
RKLL38923AK777052,A,Yaris,Toyota,2018
BYON304QJOG798815,R,Optima,Kia,2019
ZEMY401TUOL943444,R,Yukon XL,GMC,2016
WHUA567TXHF781611,A,Prius,Toyota,2019
PDDX588PDBU560560,R,A4,Audi,2017
KQMY209RDLQ359555,A,S60,Volvo,2019
LQA44STDUBR979091,R,S60,Volvo,2019
WHGM70696QO343508,A,XJ,Jaguar,2014
WBWJ902CGVZ119376,A,S5,Audi,2012
YZD82EOIQBN816767,A,XJ,Jaguar,2014
RGFP86176XE676468,A,Optima,Kia,2019
HCU10FWFLXM465493,A,Z4,BMW,2019
JMP29NKWGDM385505,A,A4,Audi,2017
NBXY860ZZAO913303,A,Yukon XL,GMC,2016
RNVK62926XM472727,A,A4,Audi,2017
GFIB699ZIRU466685,R,A7,Audi,2019
FJZC43262GR478072,A,XJ,Jaguar,2014
RHCM12742WR725118,R,S5,Audi,2012
ZBX72LFTNOW435897,R,Beetle,Volkswagen,2014
MVTK984BXSN965222,A,S60,Volvo,2019
FOW03JDUKLS144819,A,Prius,Toyota,2019
GWP42AURDLO950392,A,A7,Audi,2019
CWPU75316FZ141530,R,S5,Audi,2012
RZXA416YBVH437873,R,S5,Audi,2012
NYNR04351RH380421,R,XJ,Jaguar,2014
WFT15NVKGPG915399,A,A7,Audi,2019
KYS66QQTRUN624451,R,Q8,Audi,2019
OUXM02242HK359292,R,S5,Audi,2012
ORRM479DIWC744296,A,Yukon XL,GMC,2016
TLNM337ZMCB521764,R,XJ,Jaguar,2014
EGUS834KDYD109114,R,QX30,INFINITI,2014
SFIG950ITLW798736,R,XJ,Jaguar,2014
JEFH26789AI003097,R,Q8,Audi,2019
UWWI67490HI879497,A,A7,Audi,2019
MLCW572AVUZ588301,R,A7,Audi,2019
YQKF04707XS820891,R,XT4,Cadillac,2016
OXRH669QHVK701674,R,Prius,Toyota,2019
MQMJ42212HZ208655,A,Prius,Toyota,2019
NKLV105AGDN876728,R,Q8,Audi,2019
VXF92OVHMDL012643,R,QX30,INFINITI,2014
BKQN68607AV292408,R,A4,Audi,2017
UXKW300LDQW229403,A,QX30,INFINITI,2014
KQFB96960DE496574,R,Q8,Audi,2019
DRAT857XIPH869604,R,XJ,Jaguar,2014
QBLZ99658JN982520,A,Bentayga,Bentley,2013
UNWJ022QVXY933063,R,Beetle,Volkswagen,2014
BGZ82ZYFDYK244115,A,Q8,Audi,2019
EKV80RMQLMA519803,A,QX30,INFINITI,2014
MPDZ94790EA966761,R,Optima,Kia,2019
TCY23UBKFYZ107142,A,Z4,BMW,2019
AVIA659HRWW512856,R,S60,Volvo,2019
ARED948FJZN243971,R,A7,Audi,2019
MLR48KDRQIQ956248,A,Beetle,Volkswagen,2014
XTIJ64178VK428940,R,Beetle,Volkswagen,2014
TKYX91000BL886138,A,XJ,Jaguar,2014
IWD63XNJTAU309707,R,A4,Audi,2017
JZNR96147UL829858,A,XT4,Cadillac,2016
MTAV54070RU410872,R,XJ,Jaguar,2014
IMYX79808TP194764,R,QX30,INFINITI,2014
WRGO737NEWX537511,R,Yaris,Toyota,2018
LPXX63395VO153897,R,Yukon XL,GMC,2016
LQH32HPOIOF977816,R,Q8,Audi,2019
HEI89YSSKZQ314133,R,Beetle,Volkswagen,2014
PWBH605PZRF352290,R,Q8,Audi,2019
NOYV036NSQJ538328,A,A4,Audi,2017
GUGD18297NS626820,A,XT4,Cadillac,2016
YLCX51566WD354016,A,Beetle,Volkswagen,2014
ITZO876QKSB651285,A,Optima,Kia,2019
DAOL07294MO402351,R,A4,Audi,2017
SHBJ04302NH570964,A,Bentayga,Bentley,2013
VRR94NOCZZX014891,A,Q8,Audi,2019
TWTE922ITWJ670750,A,XJ,Jaguar,2014
JRKR53720GA726971,R,XJ,Jaguar,2014
OXL13IJGQAL967712,R,Yukon XL,GMC,2016
MXW63MDACZP556824,A,Beetle,Volkswagen,2014
YDSK770LMXC497607,R,Optima,Kia,2019
CADI35676QL550175,A,S60,Volvo,2019
ISZX55898GG331788,R,S60,Volvo,2019
YKDU858KFMI845700,R,Yaris,Toyota,2018
RBK05OUIAGG518694,R,XJ,Jaguar,2014
TSKU02362YX423670,R,S60,Volvo,2019
WMHY782AVNX093447,A,Prius,Toyota,2019
RCU09LUOMGR112785,A,Yaris,Toyota,2018
UMXP59272UR348806,A,Z4,BMW,2019
DQOC423XPAZ430353,R,Bentayga,Bentley,2013
LBF12COEQRC964910,R,S60,Volvo,2019
IMPU12621OZ054253,A,QX30,INFINITI,2014
LTV30CHZPHY130900,R,XT4,Cadillac,2016
LTLD05403SA315684,A,Optima,Kia,2019
OLPY74226AD237353,R,Bentayga,Bentley,2013
HHWF629YHKJ594172,R,QX30,INFINITI,2014
JJU88POZHXJ054514,A,XJ,Jaguar,2014
CPND70944YH684231,R,Yukon XL,GMC,2016
CCIR031CQBN003747,A,Z4,BMW,2019
NUM65NTROAR371035,A,Optima,Kia,2019
WJFJ401GTOX030086,R,Yukon XL,GMC,2016
KJNS932VOII602376,A,A4,Audi,2017
CTA53JHGAEU654021,A,QX30,INFINITI,2014
SOKN483HYZL837216,A,Yukon XL,GMC,2016
LBTS417BUHP086597,R,XT4,Cadillac,2016
CYAW68700VB072338,A,S60,Volvo,2019
KYNA231JZZG914680,A,Beetle,Volkswagen,2014
ZQQI49697BP959613,A,A4,Audi,2017
ZUVQ31981YN217125,A,Q8,Audi,2019
OLR79HTJGZC777010,A,XT4,Cadillac,2016
LDH70PWKQJT160693,A,XJ,Jaguar,2014
QLC47OPJKEB184129,A,Bentayga,Bentley,2013
QDXJ51563NP981880,R,Prius,Toyota,2019
DPKA395ISEM295126,A,Beetle,Volkswagen,2014
HYPT54921CA393282,R,Yaris,Toyota,2018
DKZH523SBRX598101,R,S5,Audi,2012
MXZ10PWBBCY062142,R,Z4,BMW,2019
HSLV54998GL189863,A,Bentayga,Bentley,2013
LLST61113OF457130,R,Beetle,Volkswagen,2014
WZIT23131PQ656232,A,Yaris,Toyota,2018
EFKU09898RT300511,R,QX30,INFINITI,2014
NYS00XFWVHW000823,A,A4,Audi,2017
AXGB083BSLH856281,A,S60,Volvo,2019
DOHE687UKLW690625,R,Beetle,Volkswagen,2014
UHDC88590LZ766187,R,XT4,Cadillac,2016
SQGI07919LB960350,R,XJ,Jaguar,2014
RVWQ033CZRW874597,R,S5,Audi,2012
WTS95FFLGMA084163,R,A4,Audi,2017
KWWQ27230NK687957,A,Optima,Kia,2019
QMEU342KKLH984984,A,Yaris,Toyota,2018
IBY21DTADUT954392,A,A7,Audi,2019
SIMP691IBLC707347,R,XJ,Jaguar,2014
IZZS14342WJ269102,R,Beetle,Volkswagen,2014
ASRH128QXER839476,R,XJ,Jaguar,2014
VQY24SVBKPZ908815,A,QX30,INFINITI,2014
BBKH049XVIU840270,A,A4,Audi,2017
BFMY56301UE390569,R,QX30,INFINITI,2014
HPW82NWTIVZ363980,A,Yaris,Toyota,2018
ZFL75HXDLDQ390416,R,Optima,Kia,2019
WHXF58138SN437210,R,A7,Audi,2019
IRTH11375ZH985366,R,Q8,Audi,2019
XYDS82819RV996747,R,QX30,INFINITI,2014
ALXQ99610VX737510,A,S60,Volvo,2019
TEGW09063PH702560,A,Q8,Audi,2019
GFDW31510AL003750,A,XJ,Jaguar,2014
ZKJV689YLMM969749,R,S60,Volvo,2019
CKA15XATGCD267218,R,S5,Audi,2012
YGVY49310BW227440,A,A4,Audi,2017
BJSA539BORX505758,A,A4,Audi,2017
KJA61HSPHCW804140,A,Prius,Toyota,2019
AIJX94094KL521569,A,S5,Audi,2012
UGWS31611YG918845,A,Beetle,Volkswagen,2014
CJCH529YFEP495764,R,QX30,INFINITI,2014
OVBU75358TB567825,A,S60,Volvo,2019
XNI51WQPMAD284810,A,XT4,Cadillac,2016
WYDC10232ZQ823896,A,Bentayga,Bentley,2013
VSJU80488NV534409,R,Z4,BMW,2019
XNV98AQXCTI019854,R,Prius,Toyota,2019
WESA961LAFT937961,A,S60,Volvo,2019
OOJC83246QG084994,A,A7,Audi,2019
PVOH960FYEZ032758,A,Z4,BMW,2019
XWJZ827CCAV808131,R,S60,Volvo,2019
ZWBX056EBAQ717649,R,QX30,INFINITI,2014
VVB74NQVMWY593825,R,Yaris,Toyota,2018
LIMT41614VI329873,A,Beetle,Volkswagen,2014
OTD62OOGBBS104770,A,XT4,Cadillac,2016
IWQ22FYHPWV920394,R,S60,Volvo,2019
UXW01WKMOFQ537880,A,XJ,Jaguar,2014
KSV07HCQIZT615532,A,QX30,INFINITI,2014
NHHW778AHKG586267,A,Q8,Audi,2019
FLFB017FJSV887508,A,Z4,BMW,2019
ARV02AMIOBD553109,R,A7,Audi,2019
EXM38DOOJAT208553,R,A4,Audi,2017
SHM75QRIFAH234165,R,Yaris,Toyota,2018
UOW02LDNLEJ092364,A,Bentayga,Bentley,2013
BON11CQEXHG094075,A,A4,Audi,2017
EDMI112XCSL773211,R,S60,Volvo,2019
QKOZ160HCST006108,R,XT4,Cadillac,2016
GPO87HIFBKZ623688,A,QX30,INFINITI,2014
DMRM97891ON094067,A,XT4,Cadillac,2016
ZXAE85212AX097411,R,Prius,Toyota,2019
SQC22PVFARB412312,A,A4,Audi,2017
GBET744VPHV520808,R,Beetle,Volkswagen,2014
XUH46QCHZJQ955640,R,Prius,Toyota,2019
YIFP69249FN543483,A,Yukon XL,GMC,2016
FKB87WTBFDD786579,R,Z4,BMW,2019
ZIG77QIVCBT714878,R,QX30,INFINITI,2014
WFC48ZVAXYS653895,A,Bentayga,Bentley,2013
UIKK76768LZ202976,A,Yaris,Toyota,2018
XMHF799JOUT078058,R,Beetle,Volkswagen,2014
URBX032FRHE171592,R,QX30,INFINITI,2014
BXF51FNKKEH371610,A,Yukon XL,GMC,2016
OML14ODBFDB280208,A,QX30,INFINITI,2014
AILT24505XG201597,A,Z4,BMW,2019
OZOC229JTYL786748,R,XT4,Cadillac,2016
PGNP03002EM740816,A,S60,Volvo,2019
NAHE80429NF015483,R,Bentayga,Bentley,2013
NCHE826FBNJ109192,A,Beetle,Volkswagen,2014
OOTL594BOYH666428,R,Bentayga,Bentley,2013
MTH60PYVLGA097705,R,S5,Audi,2012
XLQH01171XC684566,A,QX30,INFINITI,2014
JLPE38877FB177284,A,A4,Audi,2017
WKFB850PXNV363104,R,Z4,BMW,2019
BFCF08373TG065396,R,Yaris,Toyota,2018
AZCX498HEHY547469,A,Z4,BMW,2019
JIR23LLBFIT192801,A,Optima,Kia,2019
YPTY034XMRX660705,A,XT4,Cadillac,2016
IME99JTOSMQ833725,A,Z4,BMW,2019
RBGQ244YPXU853752,R,Yaris,Toyota,2018
SQR96UVOOYJ418200,A,XJ,Jaguar,2014
GKOU80021OS529585,A,S5,Audi,2012
BBFG425EYCI584314,R,Yukon XL,GMC,2016
OLC99YBCYBM032666,R,Prius,Toyota,2019
JZDV17341YR781555,R,Q8,Audi,2019
OZDA580MZQM073546,A,Optima,Kia,2019
BVDJ48153KT373504,R,A7,Audi,2019
KVUT063WHQJ315003,R,Beetle,Volkswagen,2014
RLIR521QQGJ435238,A,XT4,Cadillac,2016
SUYV20177BE898003,A,Bentayga,Bentley,2013
BBC51WWOCCP697664,R,S60,Volvo,2019
NFQ54KTRUIR204933,A,Z4,BMW,2019
WHYV65958FF529677,A,S5,Audi,2012
ERUO883LWKT965025,R,S60,Volvo,2019
PAXM469TALX826600,R,QX30,INFINITI,2014
OCT85DHEPED425546,R,XJ,Jaguar,2014
ZMT80MTEGUD168710,R,Beetle,Volkswagen,2014
SGU99YGPLAW644826,R,S5,Audi,2012
ZGAC35994IR678965,A,A4,Audi,2017
ZBM15TDQAXF694058,A,S5,Audi,2012
ZNIL573CCFZ742493,A,Q8,Audi,2019
BXCX366DIRF951414,A,Yukon XL,GMC,2016
NBFW02696NR116757,R,XJ,Jaguar,2014
VTNU20157QR192896,A,Yaris,Toyota,2018
HESD47270TU783651,R,Yaris,Toyota,2018
OSVO942UGFO361625,A,Beetle,Volkswagen,2014
YBI81TOSFYX184475,R,Z4,BMW,2019
VIQ81CFBOQS294668,R,XJ,Jaguar,2014
OANN48167IM225738,A,XT4,Cadillac,2016
RNQD96848VP169571,R,S60,Volvo,2019
RPP35EUDKDF161815,R,S5,Audi,2012
BQLV97768AE550399,R,Bentayga,Bentley,2013
XML25WYTPQL386977,A,S5,Audi,2012
TFY95KCEDFC367694,R,S5,Audi,2012
MKJ59OALFYA445900,R,A7,Audi,2019
ZIC54OLTMHP151342,A,A7,Audi,2019
XUZ43HRTBJK530649,R,A4,Audi,2017
LOXO98535LU724593,A,A4,Audi,2017
FSHA96362HE696704,A,Prius,Toyota,2019
MDZP22048SS034594,R,Bentayga,Bentley,2013
PZQE33499GT915967,R,QX30,INFINITI,2014
UKBG828HXHJ205266,A,A7,Audi,2019
YSDW70439LS023614,R,Z4,BMW,2019
KZFZ81277VY887791,A,XJ,Jaguar,2014
LBYB340WRRK439273,R,S60,Volvo,2019
KRT31VIJYHK159979,A,S5,Audi,2012
SYCV90435FV618476,A,Optima,Kia,2019
TWXI77528WT499048,R,Yukon XL,GMC,2016
PWAZ043CAPK695013,A,XT4,Cadillac,2016
BSSU899EVMQ205431,R,Yukon XL,GMC,2016
ATET31298AI935501,R,A4,Audi,2017
UTFS064ZAAV948307,R,XJ,Jaguar,2014
JENM14122VW002900,R,XJ,Jaguar,2014
DCUQ711XXVT647388,A,Beetle,Volkswagen,2014
BZGA73663HU752319,R,Prius,Toyota,2019
YTV15WKNAWJ542031,R,QX30,INFINITI,2014
JNFU354SOVL572065,A,QX30,INFINITI,2014
FWTZ99929JO462057,R,Yaris,Toyota,2018
TJKF613YGXB730513,R,QX30,INFINITI,2014
KLH31MSAAJZ239230,A,Optima,Kia,2019
ZIJK56008EH814905,A,XJ,Jaguar,2014
BHWC19168CW760750,R,Yaris,Toyota,2018
LKND27041PR368701,R,S60,Volvo,2019
SGTO88913NY792963,R,Beetle,Volkswagen,2014
LVO09ZRHYQN819271,R,S5,Audi,2012
EPSP627JAWD683166,A,S5,Audi,2012
LZW46PQQIDX161674,R,Z4,BMW,2019
CSXS502XKBY799167,A,Yaris,Toyota,2018
QHCV16846OO259936,A,XT4,Cadillac,2016
IQQU62418RH774323,R,A4,Audi,2017
JQHK08349XQ282005,R,Beetle,Volkswagen,2014
UAR53YGZYXI096784,R,Z4,BMW,2019
TFUN725XAFT572400,R,Bentayga,Bentley,2013
WGBC606QHOK041287,A,S5,Audi,2012
XRNV99792EU290471,R,Prius,Toyota,2019
MZPR73368EH960475,A,Optima,Kia,2019
UXH34SCUCCM390571,A,Z4,BMW,2019
GWDQ69875AD371197,A,Prius,Toyota,2019
IPTF43957ZT573075,R,QX30,INFINITI,2014
QKJ22MDYFXX085565,R,Yaris,Toyota,2018
XEU25KZVRPQ906584,A,Prius,Toyota,2019
CLO14UGRHAP387066,R,Yaris,Toyota,2018
WED74NTSDSV296843,R,Bentayga,Bentley,2013
LLL08EZXERE323610,A,Z4,BMW,2019
CNFD83592FR649026,R,Bentayga,Bentley,2013
KPF83XOHKJP465022,A,Q8,Audi,2019
FQX56MPCYYJ906307,R,XT4,Cadillac,2016
WMPV69341UJ987907,R,Z4,BMW,2019
UJGX214JUBK624063,R,S5,Audi,2012
EXZH136MHJB937132,A,XT4,Cadillac,2016
LHAX75241UJ773491,R,QX30,INFINITI,2014
TJWB272SWCG260020,A,S5,Audi,2012
CDLF16187QG048554,A,Yukon XL,GMC,2016
IRPN98263CU224378,R,QX30,INFINITI,2014
MYJN488RXIS805552,A,Prius,Toyota,2019
ISAP28747ED157313,R,S5,Audi,2012
THSI924HOCX794336,A,Yukon XL,GMC,2016
HRRB298WKFG201204,R,Optima,Kia,2019
WMDA567KRSN413492,A,Yaris,Toyota,2018
KUTE484ANKA761865,A,Yaris,Toyota,2018
AMOX71681CF512594,A,Yukon XL,GMC,2016
OEP16ASHDTU224025,R,XJ,Jaguar,2014
VMAM02294QN302986,R,A4,Audi,2017
BDUF93990EV249437,R,XJ,Jaguar,2014
NKB51ACQMDF805031,A,A4,Audi,2017
WFPM19254JU702008,R,Optima,Kia,2019
BFI77RANCVF164616,A,A7,Audi,2019
GNRK864PVHZ545310,R,Prius,Toyota,2019
UEWL56549PZ820241,A,A7,Audi,2019
MAGG166EGOF484189,A,Yukon XL,GMC,2016
YOAU22435EC983892,R,Optima,Kia,2019
JIQY54080IH246946,A,Yaris,Toyota,2018
USV63ZODRLN687541,R,S60,Volvo,2019
MED51NZSCSK314466,A,S5,Audi,2012
LMW80TKIZSW697465,R,Beetle,Volkswagen,2014
PHCB417OJDR450300,A,XJ,Jaguar,2014
LYI68MCYDWY341212,A,QX30,INFINITI,2014
HJGK07438KB916920,R,Yukon XL,GMC,2016
IASZ73108SH855116,A,XJ,Jaguar,2014
EWGV05313XU288317,A,XT4,Cadillac,2016
DWHH795XIVB379516,A,Beetle,Volkswagen,2014
MMW25LNUFLD867101,A,S5,Audi,2012
KJTQ033OQJR521864,R,Beetle,Volkswagen,2014
RTW45VZLKGR865316,R,S5,Audi,2012
TFJU275BQHI191462,A,XJ,Jaguar,2014
QRKE814YOTE706256,A,Beetle,Volkswagen,2014
BXPG69556VM634834,R,Prius,Toyota,2019
PYL08KYRIPQ954750,R,S5,Audi,2012
FNJZ969PSEV674216,A,XT4,Cadillac,2016
QGIS87876ZP411513,A,QX30,INFINITI,2014
MDR52SHZKCU553477,A,Prius,Toyota,2019
LLZY51317EY120144,R,A7,Audi,2019
XAV40AKSSBN721659,R,S60,Volvo,2019
YBVZ998TTDE892943,A,XJ,Jaguar,2014
SGYS72765XF974084,R,Yukon XL,GMC,2016
EFWK40269HH423043,A,Prius,Toyota,2019
UJWE345GACB875063,A,Yaris,Toyota,2018
CDLS208CJAB726127,A,Bentayga,Bentley,2013
HMJC774JKDE365289,A,Q8,Audi,2019
SXZO04906EC025646,R,Optima,Kia,2019
CWR37ZOFJIE764016,R,S5,Audi,2012
DQPM42499AW670834,R,Z4,BMW,2019
GNY48NMVCIX039778,R,Optima,Kia,2019
HQCC60366EW928694,A,Prius,Toyota,2019
BPSL747KKOU323832,A,Q8,Audi,2019
XMYM02534KL209138,A,S60,Volvo,2019
GVZL153PRFC693581,R,Yaris,Toyota,2018
QGY95AOMBJI289456,R,Beetle,Volkswagen,2014
OAPE265VYCX503408,R,A4,Audi,2017
MIEZ926WJWF437980,R,Prius,Toyota,2019
KAHD22997WL250357,A,XT4,Cadillac,2016
DIGH65015CR140804,R,Bentayga,Bentley,2013
FSUB098CNRP902838,A,QX30,INFINITI,2014
PGJL378IKKE045849,A,XT4,Cadillac,2016
ROU78JOQNLF405890,A,Beetle,Volkswagen,2014
BTHN34837XM679474,A,XT4,Cadillac,2016
ANSQ76918GQ528633,R,Bentayga,Bentley,2013
IIYC986XKGN919180,A,QX30,INFINITI,2014
VTAM695XYLY328455,A,Yaris,Toyota,2018
LKMX661VNOS910941,R,XT4,Cadillac,2016
GGJW90076SK478396,A,Yaris,Toyota,2018
XWG37RPSECZ777788,A,Beetle,Volkswagen,2014
BUC28INVNND185208,A,Beetle,Volkswagen,2014
FGWX346ILUZ517922,A,Yukon XL,GMC,2016
WWNZ71538XC574066,A,Optima,Kia,2019
EXJM51011KE929866,A,Yukon XL,GMC,2016
RLNP435QBCY669463,A,XT4,Cadillac,2016
CYIA478MOUZ479242,R,Yukon XL,GMC,2016
BQVD52908VL119198,R,XT4,Cadillac,2016
NVIV91476QD352999,A,Optima,Kia,2019
DIC84ERYOOY219235,A,Optima,Kia,2019
TJAL213RTIM955049,A,Q8,Audi,2019
ZUTH39746QI720699,A,Q8,Audi,2019
TLVA36527IT914942,R,XJ,Jaguar,2014
TAJJ353KKKW687136,A,XJ,Jaguar,2014
IDJX318YXAO872141,A,XT4,Cadillac,2016
LOVR379XQNR990219,A,A7,Audi,2019
AEFB069LYVY445826,A,A7,Audi,2019
MBW11MEUIIC102758,A,A4,Audi,2017
SSKL366MZKP493195,A,Optima,Kia,2019
JAK25PCPCQR856486,R,Bentayga,Bentley,2013
WNV68EHREMQ326483,A,Z4,BMW,2019
LOB35WJWOYM510877,R,Beetle,Volkswagen,2014
PDDZ596ZLRL266480,R,QX30,INFINITI,2014
LXMY27640AO105873,R,Beetle,Volkswagen,2014
OCBG301MIRB960784,A,Yaris,Toyota,2018
ROWM46810IV906967,R,Z4,BMW,2019
URC62AGVWJJ225071,A,Optima,Kia,2019
ZGKU85203JF065868,R,Bentayga,Bentley,2013
MNI88LLEHQT473328,R,Yukon XL,GMC,2016
HHR20JSLQTQ270343,A,A7,Audi,2019
OWFV52762YS054160,R,S5,Audi,2012
GKAN196WBFS509937,A,Beetle,Volkswagen,2014
HMDH232UCLQ200489,A,Bentayga,Bentley,2013
SDSE994SGPI542831,R,Beetle,Volkswagen,2014
KYMP72438AO673277,R,XT4,Cadillac,2016
INGN302CVCF468887,R,A4,Audi,2017
CDCM494CXHC102913,R,Q8,Audi,2019
CZTG984XOSE346514,R,Z4,BMW,2019
OYB34WZQIMK061756,R,Yaris,Toyota,2018
RKSP547IVXX083161,R,XJ,Jaguar,2014
CPHM732SGLG489061,R,Yukon XL,GMC,2016
OCXI22279CT505615,A,Bentayga,Bentley,2013
YRIQ892CLCN730838,A,S5,Audi,2012
WUZM752YWHC247236,A,Yaris,Toyota,2018
NPP86EKGJVY400062,R,Prius,Toyota,2019
TOS44XKRNGF390049,R,Prius,Toyota,2019
QKP39OCYQYQ553884,A,A7,Audi,2019
ACG78VGXNKV022614,A,A4,Audi,2017
CLJ91MKGOSS461184,A,A4,Audi,2017
YWV50ANRCSI155184,A,XT4,Cadillac,2016
GOKW022SWFS524217,A,Yukon XL,GMC,2016
HKSN81527OQ012373,A,Z4,BMW,2019
UQWO86654ZW653551,A,XT4,Cadillac,2016
KBYW867WTKP042835,R,Yukon XL,GMC,2016
MRJY78208HS916921,A,Bentayga,Bentley,2013
MNRX30597IP204080,A,XJ,Jaguar,2014
NWXL13289JL193691,A,A4,Audi,2017
ISMK988MFQR743475,R,XT4,Cadillac,2016
TCQ21GPMNEV476987,R,Z4,BMW,2019
SGQL28534GS731123,A,XT4,Cadillac,2016
TQRX500VMSL279224,A,S5,Audi,2012
SDHS51640PC914908,R,A4,Audi,2017
LDKQ586PJJF098898,A,Optima,Kia,2019
SUK12KCYSNY875418,A,S5,Audi,2012
TPL21FENTBM254641,R,XT4,Cadillac,2016
PHPM11784BX810265,R,S5,Audi,2012
OPMD428FYLR490514,R,Z4,BMW,2019
XKXH316OMKP523727,R,S5,Audi,2012
ELX10ETRAZD342416,R,S5,Audi,2012
WVB57SMVOWZ644577,R,XT4,Cadillac,2016
JSOV055EHJZ742750,A,S5,Audi,2012
KZVH51147HD630041,A,S5,Audi,2012
ELBV02578YV147562,R,S5,Audi,2012
JNIC20713EH371594,A,QX30,INFINITI,2014
OLAC539WJGG950849,A,Yukon XL,GMC,2016
ZMWW448XNVU025813,R,A4,Audi,2017
WAN60FNDMUK495971,A,Bentayga,Bentley,2013
TUXM104RXGU594774,R,Bentayga,Bentley,2013
WKRQ21790XQ484604,R,S5,Audi,2012
FZW52LHPVQQ400406,A,S5,Audi,2012
RBXD564XKSS777617,R,S60,Volvo,2019
VHPR75554DV684968,A,Prius,Toyota,2019
ZEC12MXZNGR425840,R,XT4,Cadillac,2016
HLZU912FVEL192569,A,Yukon XL,GMC,2016
ZQN08CROQXR208624,R,XJ,Jaguar,2014
BGB42AFCLFR854685,R,Bentayga,Bentley,2013
BBQS08243DZ328323,A,Q8,Audi,2019
BBSG19282FF333524,A,A4,Audi,2017
VIX11JKAJEE252212,R,Q8,Audi,2019
LDF59HPVIFE523810,A,Yukon XL,GMC,2016
KRF77OOZQFR971305,A,QX30,INFINITI,2014
HVMW79548SH468365,A,XJ,Jaguar,2014
VNB74OWCQRQ976286,A,Yukon XL,GMC,2016
UBDW759VRJP356163,A,Z4,BMW,2019
CBJU298IBIV489399,A,S60,Volvo,2019
OASF02136RJ550917,A,XJ,Jaguar,2014
ZBRN13686PL759267,A,Bentayga,Bentley,2013
ZWH92YRYSRQ024435,R,A7,Audi,2019
JXV82PKIBEK909024,R,A4,Audi,2017
XWOD249PYBJ901400,A,S5,Audi,2012
IKMZ53514MM741959,A,A7,Audi,2019
OBM21GVAIPF339834,A,Bentayga,Bentley,2013
BTNO005AFNN931203,R,Bentayga,Bentley,2013
NGIH73282WP096296,A,QX30,INFINITI,2014
WZIF779TJNB396918,A,Q8,Audi,2019
FYY38PQXYIV683070,R,S60,Volvo,2019
PNZ22GURMOC820662,A,A7,Audi,2019
PWGO355SUUT908788,A,Yaris,Toyota,2018
RQJT57240CH724843,A,Yukon XL,GMC,2016
CIE81NMIPPA525455,A,Bentayga,Bentley,2013
YRNO06967EE957720,R,Optima,Kia,2019
PGUS89170LE870475,R,S60,Volvo,2019
EAF91PGRQMM786339,A,Prius,Toyota,2019
HNB51UBWUXQ156897,A,A4,Audi,2017
KZFU48671PF786902,A,Optima,Kia,2019
WQRG690FRRH061787,A,XT4,Cadillac,2016
VASY13898AG099964,R,Prius,Toyota,2019
YZBS76873IR337113,A,QX30,INFINITI,2014
JAOC516KBDA445829,R,Beetle,Volkswagen,2014
BPHQ335OPOT383371,R,Optima,Kia,2019
NISI11691VM426237,A,Yaris,Toyota,2018
WMSM03896ZB208631,R,Bentayga,Bentley,2013
SHUB732EPBE610693,R,Yukon XL,GMC,2016
LND56GMAPKS916948,R,Yaris,Toyota,2018
CYF06JGGCZF216351,R,XJ,Jaguar,2014
OUSI213RBHG855950,A,Beetle,Volkswagen,2014
VTZ42AUHZDB515877,A,A4,Audi,2017
FST62EFQYFX574492,A,S60,Volvo,2019
PGM41TYDHKC585208,R,Yukon XL,GMC,2016
OKV12DZBEFJ996893,A,A4,Audi,2017
VFLM958BZCC646066,R,S5,Audi,2012
FOPZ27295LW755216,R,Optima,Kia,2019
PBUL691DAWQ142580,A,A4,Audi,2017
QLAU01599VB082752,A,S60,Volvo,2019
LUEC13956PS439050,A,Optima,Kia,2019
ZVRO119IUMS835396,A,Yaris,Toyota,2018
GPY99VLUDYI153499,A,Yaris,Toyota,2018
FNII451UFDH566049,A,Bentayga,Bentley,2013
OTVQ131FJKB654389,A,Yaris,Toyota,2018
KEDG71189FI897171,A,Optima,Kia,2019
ELM95QKVMIP606235,R,Optima,Kia,2019
XFAH484JUYM270873,A,Beetle,Volkswagen,2014
LXZT47659UO206381,A,A4,Audi,2017
JLBK614HISU180803,A,QX30,INFINITI,2014
XHCH013AUZO179706,R,Prius,Toyota,2019
GAD45QBKSBG899336,A,Bentayga,Bentley,2013
CTDW82053VG877553,A,Prius,Toyota,2019
IIIZ975MICM683546,R,Q8,Audi,2019
MBS00KPDKEB878792,A,Yukon XL,GMC,2016
EDPT094YPHJ587774,A,A7,Audi,2019
FDRK990GTCX252561,A,A7,Audi,2019
OHI48RCITYB119046,A,QX30,INFINITI,2014
JRQN09393RU153787,A,Bentayga,Bentley,2013
JCIG047RLBQ784375,A,Bentayga,Bentley,2013
FXK31PWYKPC975910,R,Bentayga,Bentley,2013
UVYY59981AC325494,R,Yukon XL,GMC,2016
XOYM58751RV948017,A,XT4,Cadillac,2016
YZKT97085ON064630,R,S5,Audi,2012
OSIG118NOYD495051,A,Yukon XL,GMC,2016
TSZV25355QW567637,R,Prius,Toyota,2019
KQR66UNYNPI221627,A,A7,Audi,2019
INK68FGVWAY979707,A,QX30,INFINITI,2014
GNP05XQHDXW123401,R,Bentayga,Bentley,2013
YEZ76UTYNXD754176,A,Beetle,Volkswagen,2014
TBSI38813JD862360,A,Yaris,Toyota,2018
JCUH00350BV012247,A,XJ,Jaguar,2014
WRAO418YUZF357755,R,Prius,Toyota,2019
HJM87BVEXWK748727,R,S60,Volvo,2019
JYAF13258ZQ686672,A,QX30,INFINITI,2014
DIKR21398MQ337098,R,XJ,Jaguar,2014
HKFP79857VR344377,A,A7,Audi,2019
CDZW006GPDE588826,R,S5,Audi,2012
BTTR10529OZ696596,A,Yukon XL,GMC,2016
PSLW28439CP366691,A,QX30,INFINITI,2014
PCNC499KEPS211351,A,Bentayga,Bentley,2013
FCOD80948LG869962,R,Yukon XL,GMC,2016
MLO61ZNDUKP233206,A,Q8,Audi,2019
XWFP638HDCL261362,A,XJ,Jaguar,2014
ZULN30424MA509335,R,Bentayga,Bentley,2013
WSCK11951TZ967956,A,Yukon XL,GMC,2016
YOPR170ZLBN540878,R,Z4,BMW,2019
NHB41AMKDAN914453,R,QX30,INFINITI,2014
EOCB42423AM304767,R,Optima,Kia,2019
RJAT750VTRD783036,R,Bentayga,Bentley,2013
GGAI910BUKB486898,R,Q8,Audi,2019
FXGE941MHUV980652,R,A7,Audi,2019
AXMZ05646FK384544,R,Z4,BMW,2019
DBB39VHRBFK850505,R,A4,Audi,2017
AKA32SDSMYM335137,R,Optima,Kia,2019
JKXY75877BV270599,A,S5,Audi,2012
DPC90PMFRYW655215,A,QX30,INFINITI,2014
KTG99YZRDZA146222,R,XT4,Cadillac,2016
VNDB862XACY451719,A,A4,Audi,2017
ZEH84IMYZIC472419,A,Yukon XL,GMC,2016
EPVC05169UE515698,A,Z4,BMW,2019
XWDE10732BW116592,A,Yaris,Toyota,2018
ZGYY09293VQ133889,R,S5,Audi,2012
QWKW28338XY185314,R,Yaris,Toyota,2018
WNQS85479LQ609426,A,Prius,Toyota,2019
HESQ638EPBC312447,R,Prius,Toyota,2019
VKHY04443WO708218,A,Beetle,Volkswagen,2014
CQQX456SYOZ758266,R,Q8,Audi,2019
KUOL117FBBF498428,A,XT4,Cadillac,2016
YMH10FRMIGZ474172,A,A7,Audi,2019
BSE15ZMCYFD767254,A,Q8,Audi,2019
CQR38ESKUOD803273,R,Yaris,Toyota,2018
FUPX31408GJ250961,R,Z4,BMW,2019
GXXR943KWSV230255,A,S5,Audi,2012
PXF61EKCTVK029555,A,A4,Audi,2017
BJPW600APME494472,A,A4,Audi,2017
FUGB00248UI560966,A,XT4,Cadillac,2016
JPO27ISWEYT691827,A,Optima,Kia,2019
LRSW533TWCA217777,A,Beetle,Volkswagen,2014
IJW28KHAYGV602737,R,XJ,Jaguar,2014
FHR95LEOXCZ472063,R,A4,Audi,2017
EVMN38888EP484629,R,Yukon XL,GMC,2016
SEJ07PRVEJB001906,R,Beetle,Volkswagen,2014
NLF17MKQSHT800807,A,A7,Audi,2019
UEX28BGZBSK310499,A,XJ,Jaguar,2014
UPKR725QEJL140190,A,Bentayga,Bentley,2013
FBW29KEYDST246081,R,Optima,Kia,2019
OIPM860PCUW134511,R,A7,Audi,2019
VXM34BHGYVS079335,R,Yaris,Toyota,2018
CMR78SHOHAT646617,R,XT4,Cadillac,2016
IQGO978KRWF941662,A,QX30,INFINITI,2014
FPI98PJWUAO115206,R,S60,Volvo,2019
IDIE684MKUX817066,R,QX30,INFINITI,2014
KOM32VYJSJU632952,A,S60,Volvo,2019
EBN17IDBENL236405,A,Z4,BMW,2019
PPR44TQRPTK104401,A,Bentayga,Bentley,2013
VBL95KMPAJV050007,R,QX30,INFINITI,2014
OYVK833VILS632433,R,Optima,Kia,2019
OQAX150CCHK236302,R,Yaris,Toyota,2018
MVO18YLFEXV608343,A,Optima,Kia,2019
PWQL65371QE781078,A,XT4,Cadillac,2016
VUNY441OZOW606679,A,S5,Audi,2012
VWMZ63236EX424572,A,Bentayga,Bentley,2013
IAR30IAYRFW987461,R,Yaris,Toyota,2018
MIU49IMJZUC455783,A,Optima,Kia,2019
SAFR96119JU895581,R,Bentayga,Bentley,2013
OPIZ80147OO357335,R,Z4,BMW,2019
HKT56FXDCUX355348,A,Bentayga,Bentley,2013
AHGU815SKRS920650,R,Optima,Kia,2019
COIB548UBMM365728,R,XJ,Jaguar,2014
KNX25VKNQZE166802,R,S5,Audi,2012
TYTO24059IU497977,A,S60,Volvo,2019
CWD70ZOWTJM209695,A,QX30,INFINITI,2014
NSXB17805WR096009,R,Bentayga,Bentley,2013
ACFJ41588RA444144,A,QX30,INFINITI,2014
PPCR076MRCK707013,R,XT4,Cadillac,2016
MMKL461GEXZ189810,R,XJ,Jaguar,2014
XFBI064PVLQ847726,A,Prius,Toyota,2019
VBOP997EDWT507455,A,Q8,Audi,2019
KOK03BYUASE909718,R,S5,Audi,2012
XNZG505BAXD128505,A,XT4,Cadillac,2016
TTIB980ATXF608759,A,S60,Volvo,2019
TXMM984EQYM482180,A,Z4,BMW,2019
WGC89LBPGJU979364,R,Beetle,Volkswagen,2014
PDFH12871UF050157,A,Yaris,Toyota,2018
SPT38ZUYBWB742161,A,S60,Volvo,2019
IKB87NIYLWT155059,R,Yukon XL,GMC,2016
ANQ24KYZCOW160969,R,Q8,Audi,2019
GBW12IJBVCR687681,A,XJ,Jaguar,2014
FAGT46375WJ527768,A,QX30,INFINITI,2014
XDSN81260GT358055,R,S5,Audi,2012
MLG87MLDXOT851936,R,QX30,INFINITI,2014
IAUG700KOXX790794,R,Optima,Kia,2019
YXSG83695HW794760,A,A7,Audi,2019
MQME323PXHF760512,R,Z4,BMW,2019
DPRG56741XY737557,R,Z4,BMW,2019
WMGH835FHAV712404,R,QX30,INFINITI,2014
MDU51YVFTZP209959,A,Z4,BMW,2019
JHMI158XIGR474757,R,A4,Audi,2017
ZGR90NQVRQX760560,A,QX30,INFINITI,2014
RPOS876PTOI795810,A,Q8,Audi,2019
DJOF562BCUJ108463,A,Optima,Kia,2019
JHX38UXTHIQ622146,R,QX30,INFINITI,2014
LEVB683ECUW235038,R,QX30,INFINITI,2014
ZTVY199YZZS828704,R,Bentayga,Bentley,2013
XZXK60345RS051190,A,XT4,Cadillac,2016
YQIN33404EM686742,A,A7,Audi,2019
HOF81VNVFFP063868,R,A7,Audi,2019
UPGJ644GSZC113329,A,Q8,Audi,2019
GEVY68346HQ080825,R,XT4,Cadillac,2016
WTRZ527IVCC747279,A,QX30,INFINITI,2014
LQKC958XYHL873635,A,Yaris,Toyota,2018
EJH95UFJFTF357200,A,Prius,Toyota,2019
TUC66TROMIY616925,R,Z4,BMW,2019
EHBX37789PB253732,R,A4,Audi,2017
LDU99SFXLPT102544,A,Z4,BMW,2019
EDEW160BGMC695957,A,Q8,Audi,2019
ZPJR10417TY047826,A,QX30,INFINITI,2014
YDGY846LFSR278866,R,QX30,INFINITI,2014
ARCH931QSGZ885964,R,XJ,Jaguar,2014
NAHV393FXMY309842,R,Bentayga,Bentley,2013
GADF93167RU147087,R,Z4,BMW,2019
DVJO50322UL364699,A,A7,Audi,2019
ESG68PAPGDO387914,A,S5,Audi,2012
RVV76WPJUMG010716,A,Optima,Kia,2019
PXF34QGXYXG027202,A,Beetle,Volkswagen,2014
ABLV33193TR833974,R,Beetle,Volkswagen,2014
CIIS255KCNF116581,R,Yukon XL,GMC,2016
OMAO23788YY295585,A,QX30,INFINITI,2014
EAWH98753AR585810,A,Bentayga,Bentley,2013
HKAM674RNHG735173,A,XJ,Jaguar,2014
SGSW619NAXL329911,R,Yukon XL,GMC,2016
XXUZ19376EU580867,A,Yaris,Toyota,2018
QLGM46642XH718229,R,Q8,Audi,2019
VIQG45600AK992220,A,Yukon XL,GMC,2016
SWSR663UAJS259145,R,Yukon XL,GMC,2016
RXW21TVNUSK569844,R,Q8,Audi,2019
JFNV00464JK827345,A,Bentayga,Bentley,2013
CXKA51933WH950387,A,Beetle,Volkswagen,2014
KEOQ42594TU104910,R,Z4,BMW,2019
LDRH324RTDS080300,R,A7,Audi,2019
TNI29VTENOY355505,R,A4,Audi,2017
UGZE987VENN484621,R,XT4,Cadillac,2016
CCS62EYJENT956987,A,Beetle,Volkswagen,2014
YKTL03293KO139056,R,Optima,Kia,2019
DKFA45529BW547629,R,Z4,BMW,2019
PWS57ZSTKWB303175,A,A7,Audi,2019
SED35QZUEET520502,R,XT4,Cadillac,2016
WXR93LPALWR618895,R,Beetle,Volkswagen,2014
YEKY41334KR461050,A,A4,Audi,2017
BJUF09759HL574106,R,Yaris,Toyota,2018
UOY70XSKNDT321515,R,A4,Audi,2017
QRSI11559ZU420040,A,XT4,Cadillac,2016
VWS43GNXGLQ619851,A,Optima,Kia,2019
XCD98KAAOBX419964,A,S5,Audi,2012
HAHT53493ZW855290,R,Prius,Toyota,2019
ZPVN16178CM759535,A,A4,Audi,2017
VECH39668PX806067,R,Yaris,Toyota,2018
AVJ29BFOZSB129527,R,QX30,INFINITI,2014
ZJY18RMLDVS170351,A,Z4,BMW,2019
WHBU54329IH999839,A,Yukon XL,GMC,2016
LCVE03187VY277375,R,Q8,Audi,2019
FVR90UGPIRM328431,A,S5,Audi,2012
FRC59UQJQUH603448,R,Beetle,Volkswagen,2014
CREI63814EO584524,A,XT4,Cadillac,2016
CXFC61669DT518215,R,Beetle,Volkswagen,2014
PRDY779TSIX172098,A,Yukon XL,GMC,2016
OSLO48349WW432526,A,Prius,Toyota,2019
GKP38GWRTRB107597,R,A7,Audi,2019
ODYV788BHCB993903,R,XT4,Cadillac,2016
UMA31ZQNSJP784748,R,Beetle,Volkswagen,2014
VAOK40876PV163210,R,Yaris,Toyota,2018
GKG25JOIFQF828404,A,S60,Volvo,2019
QXI19ANRHJM645810,R,QX30,INFINITI,2014
KAOX847CQGU635143,A,XJ,Jaguar,2014
EURQ76975NG935243,R,S60,Volvo,2019
XQCW00910ZD156614,A,QX30,INFINITI,2014
UBOS22705NZ206760,R,Yukon XL,GMC,2016
YEMI919STPE939718,A,Bentayga,Bentley,2013
AHT80PSUHEL123319,R,Yukon XL,GMC,2016
CTFG894ZVXM921005,A,Optima,Kia,2019
EZGB248AGQG419374,R,Z4,BMW,2019
HDPI615TEAS565051,A,Optima,Kia,2019
RNFO52892LL827311,R,XT4,Cadillac,2016
MWT22BHDELD905657,R,Prius,Toyota,2019
JXTT386NZZU765794,R,Prius,Toyota,2019
VBG28GRIQIH244014,R,Optima,Kia,2019
XJLS237ZFFU201870,R,Q8,Audi,2019
HKN92AARHGK905160,R,A4,Audi,2017
NMEI364JNHU589434,R,Z4,BMW,2019
GEJK44048NH276872,R,S5,Audi,2012
UCK19FAKXJW684274,A,Beetle,Volkswagen,2014
PDFY019VFBP098546,R,A4,Audi,2017
WUJZ612RNKK889184,A,Q8,Audi,2019
VPQ18JHQUYI259532,A,Bentayga,Bentley,2013
HGXD13096SJ476756,R,Z4,BMW,2019
ALQE31902BQ038589,R,XT4,Cadillac,2016
DIXL31930KU811190,A,Prius,Toyota,2019
QSD21MRQSDH110793,R,S60,Volvo,2019
WDTY064MJVF080010,R,QX30,INFINITI,2014
BPMV05561VL388811,R,A7,Audi,2019
JOZE808GJRS836251,R,Yaris,Toyota,2018
KPQ97YCZMDH170914,A,A4,Audi,2017
KOCG812TEPY260238,R,Z4,BMW,2019
CQT57YKFGUR904103,R,Z4,BMW,2019
IAXA774JNOO806498,A,S5,Audi,2012
IRQ74CLWBMN067919,A,Z4,BMW,2019
KLUP57448NX574577,R,A4,Audi,2017
FVW18HWZGIR998630,R,S60,Volvo,2019
FSDD95192HO936611,R,Yaris,Toyota,2018
MUHH13297TN143771,A,XT4,Cadillac,2016
HGB45HJORRR946996,R,A7,Audi,2019
FAJ51CHLEUT955839,R,XJ,Jaguar,2014
DDPX185OFSZ908748,A,Q8,Audi,2019
LBM12XCSJFC706529,R,Bentayga,Bentley,2013
TSNU15777EC189939,R,Q8,Audi,2019
OIRM36247OY709099,R,Optima,Kia,2019
ZOG55LONLFE303046,A,XJ,Jaguar,2014
THBX02126HN813852,A,A7,Audi,2019
VQU35KGYVTZ138094,R,Prius,Toyota,2019
WPEF59147QH251124,A,Beetle,Volkswagen,2014
LYTF417IKYT119870,A,S60,Volvo,2019
KTDX55241PM511874,A,QX30,INFINITI,2014
GQGN84801NV846329,R,Beetle,Volkswagen,2014
MXDA450HJVI615282,R,QX30,INFINITI,2014
LAOT702XIMS196926,R,Z4,BMW,2019
BRGK592IUMY451039,A,S60,Volvo,2019
LSS52MEOJCC775709,A,XJ,Jaguar,2014
HVGJ00593BH029244,A,Yukon XL,GMC,2016
PVF78NEFKIH346896,R,XJ,Jaguar,2014
ARDX165URAO592836,R,Prius,Toyota,2019
YUTV89394PZ630111,A,XT4,Cadillac,2016
TURH430FVTL486659,R,S5,Audi,2012
IVSC23566TY373738,A,Beetle,Volkswagen,2014
KWKG370AOQK224983,R,Optima,Kia,2019
DBI69IBAMEB375998,A,Q8,Audi,2019
YKWW086UZHE347392,A,S5,Audi,2012
KJA60SWGIWF434517,R,Prius,Toyota,2019
UGBO766SIUP342093,A,Yukon XL,GMC,2016
LGQS73035MM477235,R,Optima,Kia,2019
QIMB804QRRO852769,A,XT4,Cadillac,2016
BPL39CPASZM520330,R,Beetle,Volkswagen,2014
EJE79EWOFQD126389,R,XT4,Cadillac,2016
MGZN58585ZC308810,R,S60,Volvo,2019
MEQ77GQTMEW032230,R,S5,Audi,2012
YOJP845SLJE593349,A,A4,Audi,2017
LUZF415VUPB680462,R,S5,Audi,2012
GMVD180DFLQ474711,A,Bentayga,Bentley,2013
OXEQ668HUYF652328,R,XJ,Jaguar,2014
IZF20ZYFFGG264769,R,XT4,Cadillac,2016
LXK01OMZAET068696,R,QX30,INFINITI,2014
NZT69NVISGS149601,A,S60,Volvo,2019
BOST86278JO186267,A,S5,Audi,2012
HUBU920KRMV209854,R,A4,Audi,2017
UMCW251AOSI341199,A,S5,Audi,2012
CSWT025OYDB774566,A,S60,Volvo,2019
OWSY79887TB196326,A,XJ,Jaguar,2014
TLB67UTLNAS696969,R,XJ,Jaguar,2014
LOAY098ZPQN724533,R,A4,Audi,2017
UCK33VPTOCF889697,A,Bentayga,Bentley,2013
HRNX68797GC362327,A,A7,Audi,2019
SXZ60RFJQWV640131,R,Q8,Audi,2019
IQPL28378BW511468,A,QX30,INFINITI,2014
DFHD56400QM192623,A,Yaris,Toyota,2018
KXSN910YRBF423991,A,Q8,Audi,2019
RDM35IYNULQ146530,R,A4,Audi,2017
EDR04KASLWL437947,A,QX30,INFINITI,2014
LSF06SSIXMR958090,A,A4,Audi,2017
GBRO40469QM784636,A,Prius,Toyota,2019
TLDD899LSOW025208,R,A4,Audi,2017
ACN50YDEWIV369016,A,A7,Audi,2019
LGHB53180AF541333,A,S5,Audi,2012
YDXQ37520AS778022,A,Q8,Audi,2019
EWHO73939WM188874,A,S60,Volvo,2019
FPG64LVZUOL203240,A,Yaris,Toyota,2018
WET39ZEDEKF198058,A,Bentayga,Bentley,2013
BGAD151RRPT212808,R,Q8,Audi,2019
SYEM552FUYS757500,A,Bentayga,Bentley,2013
JZFA789ONEL747568,A,Z4,BMW,2019
LTKQ394DQPK081040,A,XT4,Cadillac,2016
